typeID,activityID,productTypeID,probability
32873,8,37619,0.30
32875,8,37618,0.30
32877,8,37617,0.30
32879,8,37620,0.30
32881,8,33698,0.30
32881,8,39583,0.30
32982,8,55762,0.34
33177,8,33198,0.34
33179,8,33200,0.34
33181,8,33202,0.34
33271,8,33273,0.34
33278,8,33280,0.34
33282,8,33284,0.34
33286,8,33288,0.34
33290,8,33292,0.34
33294,8,33296,0.34
33299,8,33300,0.34
33304,8,33306,0.34
33308,8,33310,0.34
33312,8,33314,0.34
49714,8,52255,0.30
49716,8,49717,0.26
49775,8,49778,0.34
683,8,39581,0.30
684,8,11177,0.30
684,8,11179,0.30
685,8,11195,0.30
686,8,11986,0.26
687,8,11994,0.26
688,8,28711,0.22
689,8,11197,0.30
689,8,11199,0.30
690,8,11183,0.30
691,8,11372,0.30
691,8,11401,0.30
692,8,12000,0.26
693,8,28666,0.22
785,8,784,0.34
786,8,2405,0.34
788,8,2411,0.34
790,8,2421,0.34
803,8,24536,0.34
803,8,24540,0.34
804,8,24534,0.34
804,8,24542,0.34
805,8,2622,0.34
805,8,2638,0.34
806,8,24532,0.34
806,8,24538,0.34
807,8,2656,0.34
807,8,24508,0.34
808,8,24510,0.34
808,8,24518,0.34
809,8,24512,0.34
809,8,24516,0.34
810,8,2630,0.34
810,8,24514,0.34
811,8,24496,0.34
811,8,24502,0.34
812,8,2648,0.34
812,8,24500,0.34
813,8,2614,0.34
813,8,24506,0.34
814,8,24498,0.34
814,8,24504,0.34
819,8,2874,0.34
820,8,16032,0.34
821,8,2890,0.34
822,8,2906,0.34
823,8,2978,0.34
824,8,2938,0.34
825,8,2898,0.34
826,8,2914,0.34
827,8,2922,0.34
828,8,2970,0.34
829,8,2946,0.34
830,8,2954,0.34
831,8,16029,0.34
832,8,2866,0.34
833,8,2962,0.34
834,8,3018,0.34
835,8,3002,0.34
836,8,2994,0.34
837,8,3042,0.34
838,8,3034,0.34
839,8,3286,0.34
840,8,3513,0.34
841,8,3010,0.34
842,8,3521,0.34
843,8,3026,0.34
844,8,4148,0.34
845,8,2986,0.34
846,8,3058,0.34
847,8,3050,0.34
848,8,3066,0.34
879,8,12634,0.34
880,8,12626,0.34
882,8,12609,0.34
883,8,12632,0.34
887,8,12772,0.34
888,8,12774,0.34
890,8,12778,0.34
891,8,12768,0.34
895,8,12766,0.34
896,8,12776,0.34
898,8,12780,0.34
899,8,12762,0.34
33672,8,33709,0.34
936,8,11185,0.30
936,8,11187,0.30
937,8,12041,0.30
937,8,39580,0.30
939,8,40301,0.30
950,8,11380,0.30
950,8,11382,0.30
968,8,11996,0.26
968,8,12012,0.26
969,8,12018,0.26
969,8,12020,0.26
970,8,11988,0.26
971,8,12006,0.26
972,8,12022,0.26
972,8,12024,0.26
974,8,12014,0.26
974,8,12016,0.26
975,8,11962,0.26
975,8,11964,0.26
976,8,11979,0.26
977,8,11958,0.26
977,8,11960,0.26
978,8,11970,0.26
978,8,11972,0.26
983,8,12730,0.26
984,8,12732,0.26
985,8,12744,0.26
987,8,12748,0.26
988,8,12736,0.26
990,8,12746,0.26
994,8,22437,0.22
995,8,28662,0.22
996,8,28660,0.22
997,8,22429,0.22
998,8,22441,0.22
999,8,22431,0.22
1010,8,1013,0.34
1125,8,3091,0.34
1026,8,1027,0.34
1032,8,1033,0.34
33823,8,33825,0.34
1067,8,1073,0.34
1072,8,1071,0.34
1074,8,2039,0.34
1075,8,1856,0.34
1076,8,2334,0.34
1079,8,1080,0.34
17477,8,22545,0.26
17479,8,22549,0.26
1096,8,1095,0.34
17481,8,22547,0.26
1099,8,1184,0.34
1100,8,2356,0.34
1106,8,13002,0.34
1109,8,13004,0.34
1112,8,3099,0.34
1113,8,3163,0.34
1114,8,3171,0.34
1115,8,3179,0.34
1116,8,3075,0.34
1118,8,3107,0.34
1120,8,3139,0.34
1122,8,3123,0.34
1124,8,3187,0.34
1126,8,3155,0.34
1128,8,2025,0.34
1132,8,12621,0.34
1134,8,12615,0.34
1136,8,12619,0.34
1140,8,12802,0.34
1142,8,12786,0.34
1144,8,12806,0.34
1148,8,12804,0.34
1150,8,12788,0.34
1152,8,12808,0.34
1154,8,12560,0.34
1158,8,12564,0.34
1162,8,12823,0.34
1167,8,12815,0.34
1169,8,12827,0.34
1174,8,12821,0.34
1175,8,12817,0.34
1186,8,3489,0.34
1196,8,2033,0.34
1204,8,1205,0.34
1208,8,1437,0.34
1210,8,2118,0.34
1212,8,2342,0.34
1214,8,2437,0.34
1220,8,24472,0.34
1220,8,24605,0.34
1221,8,24522,0.34
1221,8,24530,0.34
1245,8,1237,0.34
1247,8,1249,0.34
1255,8,1257,0.34
17649,8,41323,0.34
17651,8,41327,0.30
17657,8,41329,0.34
1275,8,1277,0.34
17665,8,41319,0.34
17667,8,41315,0.34
1285,8,1287,0.34
17673,8,41317,0.34
17679,8,41321,0.34
17687,8,41335,0.34
1305,8,1307,0.34
17693,8,41331,0.34
17695,8,41333,0.34
1318,8,1320,0.34
1334,8,1336,0.34
1354,8,1356,0.34
61221,8,61223,0.34
1137,8,12613,0.34
1404,8,1406,0.34
17858,8,41282,0.34
17858,8,41283,0.34
17862,8,41284,0.34
17862,8,41285,0.34
17864,8,41280,0.34
17864,8,41281,0.34
1540,8,1542,0.34
1548,8,1550,0.34
1552,8,1554,0.34
17939,8,4259,0.34
1558,8,1560,0.34
1564,8,1566,0.34
34412,8,34318,0.26
34412,8,34563,0.26
34412,8,34829,0.26
34412,8,35684,0.26
34414,8,34318,0.21
34414,8,34563,0.21
34414,8,34829,0.21
34414,8,35684,0.21
34416,8,34318,0.14
34416,8,34563,0.14
34416,8,34829,0.14
34416,8,35684,0.14
18037,8,18591,0.34
18039,8,18593,0.34
18041,8,18595,0.34
18043,8,18597,0.34
18045,8,18599,0.34
18047,8,18601,0.34
18049,8,18603,0.34
18051,8,18605,0.34
18053,8,18607,0.34
18055,8,18609,0.34
18057,8,18611,0.34
18059,8,18613,0.34
18061,8,18615,0.34
18063,8,18617,0.34
18065,8,18625,0.34
18067,8,18619,0.34
11218,8,11220,0.34
1809,8,2554,0.34
34594,8,34596,0.34
1876,8,1878,0.34
11238,8,11240,0.34
1945,8,12754,0.26
11248,8,11250,0.34
44018,8,44019,0.34
2007,8,12004,0.26
44026,8,44027,0.34
2019,8,3497,0.34
2021,8,3505,0.34
2023,8,3473,0.34
2047,8,2049,0.34
11278,8,11649,0.34
11280,8,20354,0.34
2162,8,11191,0.30
2174,8,2176,0.34
2184,8,2186,0.34
2194,8,2196,0.34
2204,8,2206,0.34
11298,8,20350,0.34
18640,8,4261,0.34
11300,8,20352,0.34
11304,8,11647,0.34
2290,8,2298,0.34
2292,8,2300,0.34
2294,8,2302,0.34
2296,8,2304,0.34
44074,8,44075,0.34
2332,8,1423,0.34
44088,8,44089,0.34
2445,8,2447,0.34
2455,8,2457,0.34
2465,8,2467,0.34
2477,8,2479,0.34
2487,8,2489,0.34
2507,8,24524,0.34
2507,8,24528,0.34
2509,8,2802,0.34
2509,8,24520,0.34
2511,8,2812,0.34
2511,8,24526,0.34
2513,8,2818,0.34
2513,8,24544,0.34
2515,8,24476,0.34
2515,8,24543,0.34
2517,8,24474,0.34
2517,8,24604,0.34
2530,8,2532,0.34
2538,8,2540,0.34
2546,8,2548,0.34
2604,8,2606,0.34
35772,8,35773,0.34
35791,8,35792,0.34
3243,8,3245,0.34
19745,8,12734,0.26
3529,8,3531,0.34
3539,8,3541,0.34
3567,8,3569,0.34
3577,8,3579,0.34
3587,8,3589,0.34
3597,8,3599,0.34
3607,8,3609,0.34
3617,8,3619,0.34
3654,8,3656,0.34
3664,8,3666,0.34
3767,8,11388,0.30
20184,8,28851,0.18
20186,8,28845,0.18
20188,8,28849,0.18
20190,8,28847,0.18
3830,8,3832,0.34
3840,8,3842,0.34
27952,8,4295,0.34
20281,8,4293,0.34
3938,8,3940,0.34
3942,8,3944,0.34
3948,8,3950,0.34
3954,8,3956,0.34
3978,8,3980,0.34
3982,8,3984,0.34
3988,8,3990,0.34
3994,8,3996,0.34
20445,8,41110,0.34
20447,8,41186,0.34
20449,8,41145,0.34
20451,8,41136,0.34
20453,8,41166,0.34
20455,8,41172,0.34
33449,8,33451,0.34
25267,8,25813,0.34
20540,8,41190,0.34
41657,8,41658,0.34
37008,8,47326,0.34
37028,8,47345,0.34
37044,8,47333,0.34
37045,8,47341,0.34
37047,8,47324,0.34
37048,8,47322,0.34
37060,8,47346,0.34
37066,8,47369,0.34
37080,8,47350,0.34
20702,8,41616,0.34
37087,8,47335,0.34
20704,8,41634,0.34
4394,8,4406,0.34
4396,8,4400,0.34
4398,8,4402,0.34
37287,8,37311,0.34
37309,8,37329,0.34
37310,8,37342,0.34
37312,8,37314,0.34
37315,8,37316,0.34
37317,8,37318,0.34
37319,8,37320,0.34
37321,8,37322,0.34
37323,8,37324,0.34
37325,8,37326,0.34
37327,8,37328,0.34
37330,8,37331,0.34
37332,8,37333,0.34
37334,8,37335,0.34
37338,8,37339,0.34
37340,8,37341,0.34
37343,8,37344,0.34
37349,8,37350,0.34
37352,8,37353,0.34
37354,8,37355,0.34
37356,8,37357,0.34
37358,8,37359,0.34
37360,8,37361,0.34
37364,8,37365,0.34
37366,8,37367,0.34
37368,8,37369,0.34
37370,8,37371,0.34
37372,8,37373,0.34
37374,8,37375,0.34
37376,8,37377,0.34
37378,8,37379,0.34
37380,8,37381,0.34
37382,8,37383,0.34
37384,8,37385,0.34
37390,8,37391,0.34
37392,8,37393,0.34
37394,8,37395,0.34
37396,8,37397,0.34
37413,8,37414,0.34
37415,8,37416,0.34
37417,8,37418,0.34
37419,8,37420,0.34
37421,8,37422,0.34
37423,8,37424,0.34
37425,8,37426,0.34
37427,8,37428,0.34
37429,8,37430,0.34
37431,8,37432,0.34
37433,8,37434,0.34
37435,8,37436,0.34
37437,8,37438,0.34
37441,8,37442,0.34
37443,8,37444,0.34
37445,8,37446,0.34
37447,8,37448,0.34
37449,8,37351,0.34
41085,8,41090,0.34
21868,8,24489,0.34
21868,8,24616,0.34
33705,8,33711,0.34
33707,8,33713,0.34
940,8,11378,0.30
944,8,11366,0.30
944,8,11394,0.30
946,8,40302,0.30
54845,8,54850,0.34
949,8,12031,0.30
54852,8,54855,0.34
54857,8,54860,0.34
54861,8,54884,0.34
54862,8,54885,0.34
54863,8,54884,0.34
54864,8,54885,0.34
54865,8,54886,0.34
54866,8,54887,0.34
54867,8,54886,0.34
54868,8,54887,0.34
54869,8,54888,0.34
54870,8,54889,0.34
54871,8,54888,0.34
54872,8,54889,0.34
54873,8,54876,0.34
954,8,11173,0.30
955,8,11201,0.30
955,8,11203,0.30
22176,8,30835,0.34
22178,8,30833,0.34
973,8,11966,0.26
973,8,20126,0.26
979,8,11990,0.26
38660,8,38661,0.34
22299,8,4263,0.34
22300,8,4265,0.34
22301,8,4267,0.34
22303,8,4269,0.34
22304,8,4271,0.34
22305,8,4273,0.34
22306,8,4285,0.34
22307,8,4281,0.34
22308,8,4283,0.34
22309,8,4287,0.34
22310,8,4289,0.34
22311,8,4291,0.34
22543,8,28577,0.34
22554,8,4275,0.34
22556,8,4279,0.34
22558,8,4277,0.34
22577,8,28579,0.34
22766,8,28200,0.34
17483,8,17913,0.34
17483,8,24306,0.34
1102,8,1103,0.34
1105,8,1191,0.34
23056,8,41375,0.34
23058,8,41378,0.34
23060,8,41381,0.34
23062,8,41384,0.34
1117,8,3131,0.34
1119,8,3147,0.34
1121,8,3083,0.34
33891,8,33893,0.34
33895,8,33897,0.34
33899,8,33901,0.34
33903,8,33905,0.34
61218,8,61220,0.34
12067,8,12069,0.34
1145,8,12790,0.34
1153,8,12792,0.34
61229,8,61231,0.34
61233,8,61235,0.34
1159,8,12566,0.34
1161,8,12558,0.34
1166,8,12819,0.34
15509,8,21639,0.34
1170,8,12825,0.34
1177,8,12829,0.34
23524,8,28198,0.34
23526,8,28214,0.34
23528,8,24428,0.34
23534,8,24439,0.34
23560,8,28210,0.34
23562,8,28212,0.34
23564,8,28216,0.34
23710,8,28206,0.34
23712,8,28202,0.34
23718,8,28208,0.34
23720,8,28204,0.34
1265,8,1267,0.34
17659,8,41325,0.34
1123,8,3115,0.34
1295,8,1297,0.34
17689,8,41337,0.34
24284,8,41416,0.34
40672,8,40675,0.34
40684,8,40687,0.34
40719,8,40722,0.34
24349,8,4251,0.34
40740,8,40744,0.34
24396,8,24418,0.34
24570,8,41623,0.34
12297,8,26893,0.34
24645,8,4253,0.34
12301,8,26889,0.34
41068,8,41073,0.34
24697,8,22449,0.26
24699,8,22471,0.26
24701,8,22443,0.26
24703,8,22445,0.26
41092,8,41097,0.34
41221,8,41222,0.34
41225,8,41228,0.34
41242,8,41245,0.34
41256,8,41261,0.34
41355,8,41356,0.34
41361,8,41362,0.34
41363,8,41364,0.34
41365,8,41366,0.34
41367,8,41368,0.34
41369,8,41370,0.34
41371,8,41372,0.34
41373,8,41374,0.34
41376,8,41377,0.34
41379,8,41380,0.34
41382,8,41383,0.34
41385,8,41386,0.34
41431,8,41432,0.34
41433,8,41434,0.34
41435,8,41436,0.34
41437,8,41430,0.34
1446,8,1448,0.34
41599,8,41602,0.34
41607,8,41610,0.34
17860,8,41278,0.34
17860,8,41279,0.34
41627,8,41630,0.34
41628,8,41630,0.34
41629,8,41630,0.34
41639,8,41641,0.34
41644,8,41646,0.34
41662,8,41663,0.34
25562,8,25564,0.34
37029,8,47328,0.34
37041,8,47339,0.34
37043,8,47331,0.34
31587,8,31593,0.34
31589,8,31595,0.34
25737,8,26287,0.34
37410,8,37411,0.34
25862,8,30837,0.34
37081,8,47367,0.34
25889,8,26289,0.34
25891,8,26291,0.34
25893,8,26293,0.34
25895,8,26303,0.34
25897,8,26295,0.34
25899,8,26297,0.34
25901,8,26299,0.34
25903,8,26301,0.34
25907,8,26445,0.34
25909,8,26325,0.34
25911,8,26331,0.34
25913,8,26333,0.34
25915,8,26335,0.34
25917,8,26327,0.34
25919,8,26329,0.34
25921,8,26339,0.34
25925,8,26341,0.34
25929,8,26345,0.34
25931,8,26343,0.34
25933,8,26347,0.34
25935,8,26349,0.34
25937,8,26351,0.34
25949,8,26375,0.34
25951,8,26369,0.34
25953,8,26373,0.34
25955,8,26377,0.34
25957,8,26371,0.34
25969,8,26379,0.34
25971,8,26387,0.34
25973,8,26389,0.34
25975,8,26391,0.34
25977,8,26385,0.34
25979,8,26381,0.34
25981,8,26383,0.34
25997,8,26393,0.34
25999,8,26401,0.34
26001,8,26403,0.34
26003,8,26405,0.34
26005,8,26399,0.34
26007,8,26395,0.34
26009,8,26397,0.34
26017,8,26417,0.34
26019,8,26409,0.34
26021,8,26415,0.34
26023,8,26419,0.34
26025,8,26411,0.34
26027,8,26407,0.34
26029,8,26413,0.34
26031,8,26421,0.34
26039,8,26429,0.34
26041,8,26433,0.34
26043,8,26435,0.34
26047,8,26431,0.34
26049,8,26425,0.34
26057,8,26307,0.34
26059,8,26311,0.34
26061,8,26319,0.34
26063,8,26309,0.34
26065,8,26315,0.34
26067,8,26321,0.34
26069,8,26323,0.34
26071,8,26313,0.34
26073,8,26305,0.34
26077,8,26437,0.34
26079,8,26439,0.34
26081,8,26441,0.34
26083,8,26443,0.34
26085,8,26451,0.34
26087,8,26453,0.34
26089,8,26449,0.34
26091,8,26447,0.34
26097,8,26367,0.34
26101,8,26365,0.34
26103,8,26359,0.34
26105,8,26363,0.34
26107,8,26353,0.34
26109,8,26361,0.34
26111,8,26355,0.34
26113,8,26357,0.34
58955,8,58975,0.34
9945,8,10191,0.34
59171,8,59172,0.34
31717,8,31723,0.34
31719,8,31725,0.34
31721,8,31727,0.34
10247,8,10251,0.34
941,8,12043,0.30
941,8,12045,0.30
26759,8,25716,0.34
26760,8,24491,0.34
26760,8,24617,0.34
26761,8,24487,0.34
26761,8,24615,0.34
26762,8,2680,0.34
26762,8,24614,0.34
26930,8,26932,0.34
10630,8,10632,0.34
27022,8,27024,0.34
10679,8,10681,0.34
27065,8,31050,0.34
27069,8,31078,0.34
12710,8,19807,0.34
43544,8,43609,0.34
43545,8,43610,0.34
43546,8,43611,0.34
43547,8,43607,0.34
43548,8,43608,0.34
10837,8,10851,0.34
10839,8,10859,0.34
10841,8,10843,0.34
37346,8,37345,0.34
37347,8,37348,0.34
43911,8,43912,0.34
60338,8,60339,0.34
60341,8,60342,0.34
60343,8,60344,0.34
60345,8,60346,0.34
60347,8,60348,0.34
60349,8,60350,0.34
60363,8,60351,0.34
60364,8,60352,0.34
60365,8,60353,0.34
60366,8,60354,0.34
60367,8,60355,0.34
60368,8,60356,0.34
60369,8,60357,0.34
60370,8,60358,0.34
60371,8,60359,0.34
60372,8,60360,0.34
60373,8,60361,0.34
60374,8,60362,0.34
11228,8,11230,0.34
44002,8,44003,0.34
44004,8,44005,0.34
44006,8,44007,0.34
44008,8,44009,0.34
44010,8,44011,0.34
44012,8,44013,0.34
44014,8,44015,0.34
44016,8,44017,0.34
44020,8,44021,0.34
44022,8,44023,0.34
44024,8,44025,0.34
11258,8,11260,0.34
44030,8,44031,0.34
44032,8,44033,0.34
11268,8,11270,0.34
44040,8,44041,0.34
44042,8,44043,0.34
44044,8,44045,0.34
44046,8,44047,0.34
44048,8,44049,0.34
44050,8,44051,0.34
44052,8,44053,0.34
44054,8,44055,0.34
44056,8,44057,0.34
44058,8,44059,0.34
11292,8,20344,0.34
11294,8,20346,0.34
11296,8,20348,0.34
11302,8,11643,0.34
44076,8,44077,0.34
44078,8,44079,0.34
44080,8,44081,0.34
44082,8,44083,0.34
44084,8,44085,0.34
44086,8,44087,0.34
44090,8,44091,0.34
44092,8,44093,0.34
44094,8,44095,0.34
44096,8,44097,0.34
11356,8,26917,0.34
11358,8,26916,0.34
11360,8,26915,0.34
40751,8,40759,0.34
44028,8,44029,0.34
27905,8,3991,0.34
27915,8,4257,0.34
27931,8,4298,0.34
27933,8,4300,0.34
27935,8,41631,0.34
11562,8,24444,0.34
11564,8,4255,0.34
11612,8,11795,0.34
11613,8,11641,0.34
11614,8,11844,0.34
11616,8,11848,0.34
11617,8,11851,0.34
11619,8,11747,0.34
11620,8,11808,0.34
11621,8,11840,0.34
11622,8,11750,0.34
11623,8,11754,0.34
11624,8,11758,0.34
11625,8,11766,0.34
11626,8,11762,0.34
11628,8,11775,0.34
11629,8,11779,0.34
11630,8,11783,0.34
11631,8,11787,0.34
11632,8,11791,0.34
11634,8,11812,0.34
44034,8,44035,0.34
44036,8,44037,0.34
11770,8,11771,0.34
11798,8,11799,0.34
44038,8,44039,0.34
11803,8,11804,0.34
11820,8,11821,0.34
11824,8,11825,0.34
11828,8,11829,0.34
11832,8,11833,0.34
11836,8,11837,0.34
11306,8,11645,0.34
945,8,12035,0.30
12053,8,12077,0.34
12055,8,12085,0.34
12057,8,12059,0.34
61217,8,61219,0.34
61222,8,61224,0.34
61225,8,61227,0.34
61226,8,61228,0.34
61230,8,61232,0.34
61234,8,61236,0.34
12109,8,18069,0.34
28584,8,42891,0.34
1129,8,2282,0.34
952,8,11193,0.30
12218,8,12222,0.34
12220,8,12224,0.34
12226,8,12103,0.34
37541,8,47349,0.34
12258,8,12260,0.34
12262,8,12264,0.34
12266,8,12268,0.34
12270,8,12272,0.34
28655,8,4249,0.34
12275,8,22292,0.34
12300,8,26891,0.34
956,8,11175,0.30
12345,8,12347,0.34
12355,8,12357,0.34
44060,8,44061,0.34
44062,8,44063,0.34
44064,8,44065,0.34
40338,8,40339,0.34
29249,8,11189,0.30
13000,8,12104,0.34
13000,8,12105,0.34
13321,8,19740,0.34
46350,8,46351,0.34
46352,8,46353,0.34
46357,8,46358,0.34
46359,8,46360,0.34
46361,8,46362,0.34
46501,8,46500,0.34
46503,8,46502,0.34
46505,8,46504,0.34
46506,8,46507,0.34
46508,8,46509,0.34
46510,8,46511,0.34
46512,8,46513,0.34
46514,8,46515,0.34
46516,8,46517,0.34
46518,8,46519,0.34
30187,8,45705,0.26
30187,8,45706,0.26
30187,8,45707,0.26
30187,8,45708,0.26
30187,8,45709,0.26
30187,8,45710,0.26
30187,8,45711,0.26
30187,8,45712,0.26
30187,8,45713,0.26
30187,8,45714,0.26
30187,8,45715,0.26
30187,8,45716,0.26
46643,8,46644,0.34
46645,8,46646,0.34
46647,8,46648,0.34
46649,8,46650,0.34
46651,8,46652,0.34
37020,8,47343,0.34
37083,8,47365,0.34
30558,8,45705,0.21
30558,8,45706,0.21
30558,8,45707,0.21
30558,8,45708,0.21
30558,8,45709,0.21
30558,8,45710,0.21
30558,8,45711,0.21
30558,8,45712,0.21
30558,8,45713,0.21
30558,8,45714,0.21
30558,8,45715,0.21
30558,8,45716,0.21
30562,8,45705,0.14
30562,8,45706,0.14
30562,8,45707,0.14
30562,8,45708,0.14
30562,8,45709,0.14
30562,8,45710,0.14
30562,8,45711,0.14
30562,8,45712,0.14
30562,8,45713,0.14
30562,8,45714,0.14
30562,8,45715,0.14
30562,8,45716,0.14
30582,8,45717,0.26
30582,8,45718,0.26
30582,8,45719,0.26
30582,8,45720,0.26
30582,8,45721,0.26
30582,8,45722,0.26
30582,8,45723,0.26
30582,8,45724,0.26
30582,8,45725,0.26
30582,8,45726,0.26
30582,8,45727,0.26
30582,8,45728,0.26
30586,8,45717,0.21
30586,8,45718,0.21
30586,8,45719,0.21
30586,8,45720,0.21
30586,8,45721,0.21
30586,8,45722,0.21
30586,8,45723,0.21
30586,8,45724,0.21
30586,8,45725,0.21
30586,8,45726,0.21
30586,8,45727,0.21
30586,8,45728,0.21
30588,8,45717,0.14
30588,8,45718,0.14
30588,8,45719,0.14
30588,8,45720,0.14
30588,8,45721,0.14
30588,8,45722,0.14
30588,8,45723,0.14
30588,8,45724,0.14
30588,8,45725,0.14
30588,8,45726,0.14
30588,8,45727,0.14
30588,8,45728,0.14
30599,8,30037,0.34
30599,8,30039,0.34
30599,8,30041,0.34
30599,8,30043,0.34
30599,8,30047,0.34
30599,8,30049,0.34
30599,8,30051,0.34
30599,8,30053,0.34
30599,8,30057,0.34
30599,8,30059,0.34
30599,8,30061,0.34
30599,8,30063,0.34
30599,8,30067,0.34
30599,8,30069,0.34
30599,8,30071,0.34
30599,8,30073,0.34
30600,8,30037,0.30
30600,8,30039,0.30
30600,8,30041,0.30
30600,8,30043,0.30
30600,8,30047,0.30
30600,8,30049,0.30
30600,8,30051,0.30
30600,8,30053,0.30
30600,8,30057,0.30
30600,8,30059,0.30
30600,8,30061,0.30
30600,8,30063,0.30
30600,8,30067,0.30
30600,8,30069,0.30
30600,8,30071,0.30
30600,8,30073,0.30
30605,8,30037,0.22
30605,8,30039,0.22
30605,8,30041,0.22
30605,8,30043,0.22
30605,8,30047,0.22
30605,8,30049,0.22
30605,8,30051,0.22
30605,8,30053,0.22
30605,8,30057,0.22
30605,8,30059,0.22
30605,8,30061,0.22
30605,8,30063,0.22
30605,8,30067,0.22
30605,8,30069,0.22
30605,8,30071,0.22
30605,8,30073,0.22
30614,8,45681,0.26
30614,8,45682,0.26
30614,8,45683,0.26
30614,8,45684,0.26
30614,8,45685,0.26
30614,8,45686,0.26
30614,8,45687,0.26
30614,8,45688,0.26
30614,8,45689,0.26
30614,8,45690,0.26
30614,8,45691,0.26
30614,8,45692,0.26
30615,8,45681,0.21
30615,8,45682,0.21
30615,8,45683,0.21
30615,8,45684,0.21
30615,8,45685,0.21
30615,8,45686,0.21
30615,8,45687,0.21
30615,8,45688,0.21
30615,8,45689,0.21
30615,8,45690,0.21
30615,8,45691,0.21
30615,8,45692,0.21
30618,8,45681,0.14
30618,8,45682,0.14
30618,8,45683,0.14
30618,8,45684,0.14
30618,8,45685,0.14
30618,8,45686,0.14
30618,8,45687,0.14
30618,8,45688,0.14
30618,8,45689,0.14
30618,8,45690,0.14
30618,8,45691,0.14
30618,8,45692,0.14
30628,8,45693,0.26
30628,8,45694,0.26
30628,8,45695,0.26
30628,8,45696,0.26
30628,8,45697,0.26
30628,8,45698,0.26
30628,8,45699,0.26
30628,8,45700,0.26
30628,8,45701,0.26
30628,8,45702,0.26
30628,8,45703,0.26
30628,8,45704,0.26
30632,8,45693,0.21
30632,8,45694,0.21
30632,8,45695,0.21
30632,8,45696,0.21
30632,8,45697,0.21
30632,8,45698,0.21
30632,8,45699,0.21
30632,8,45700,0.21
30632,8,45701,0.21
30632,8,45702,0.21
30632,8,45703,0.21
30632,8,45704,0.21
30633,8,45693,0.14
30633,8,45694,0.14
30633,8,45695,0.14
30633,8,45696,0.14
30633,8,45697,0.14
30633,8,45698,0.14
30633,8,45699,0.14
30633,8,45700,0.14
30633,8,45701,0.14
30633,8,45702,0.14
30633,8,45703,0.14
30633,8,45704,0.14
30752,8,29985,0.26
30752,8,29987,0.26
30752,8,29989,0.26
30752,8,29991,0.26
30753,8,29985,0.21
30753,8,29987,0.21
30753,8,29989,0.21
30753,8,29991,0.21
30754,8,29985,0.14
30754,8,29987,0.14
30754,8,29989,0.14
30754,8,29991,0.14
47208,8,47212,0.34
47209,8,47215,0.34
47210,8,47218,0.34
47211,8,47221,0.34
47213,8,47214,0.34
47216,8,47217,0.34
47219,8,47220,0.34
47222,8,47223,0.34
47224,8,47225,0.34
47226,8,47227,0.34
47228,8,47229,0.34
47230,8,47231,0.34
47233,8,47237,0.34
47234,8,47238,0.34
47235,8,47240,0.34
47236,8,47239,0.34
47241,8,47242,0.34
47243,8,47244,0.34
47245,8,47246,0.34
47247,8,47248,0.34
47259,8,47260,0.34
47354,8,47355,0.34
47357,8,47359,0.34
47361,8,47363,0.34
30988,8,31058,0.34
30994,8,31062,0.34
30998,8,31004,0.34
31000,8,31006,0.34
31002,8,31008,0.34
31010,8,31016,0.34
31012,8,31018,0.34
31014,8,31020,0.34
31022,8,31028,0.34
31024,8,31030,0.34
31026,8,31032,0.34
31034,8,31040,0.34
31036,8,31042,0.34
31038,8,31044,0.34
31046,8,31052,0.34
31048,8,31054,0.34
31056,8,31060,0.34
31064,8,31070,0.34
31066,8,31072,0.34
31068,8,27067,0.34
31074,8,31080,0.34
31076,8,31082,0.34
31084,8,31090,0.34
31086,8,31092,0.34
31088,8,31094,0.34
31106,8,31112,0.34
31108,8,31114,0.34
31110,8,31116,0.34
31118,8,31124,0.34
31120,8,31126,0.34
31122,8,31128,0.34
31130,8,31136,0.34
31132,8,31138,0.34
31134,8,31140,0.34
31142,8,31148,0.34
31144,8,31150,0.34
31146,8,31152,0.34
31154,8,31172,0.34
31156,8,31174,0.34
31158,8,31176,0.34
31160,8,31166,0.34
31162,8,31168,0.34
31164,8,31170,0.34
31178,8,31184,0.34
31180,8,31186,0.34
31182,8,31188,0.34
31190,8,31196,0.34
31192,8,31198,0.34
31194,8,31200,0.34
31202,8,31208,0.34
31204,8,31210,0.34
31206,8,31212,0.34
31214,8,31221,0.34
31216,8,31223,0.34
31218,8,31225,0.34
31227,8,31233,0.34
31229,8,31235,0.34
31231,8,31237,0.34
31239,8,31245,0.34
31241,8,31247,0.34
31243,8,31249,0.34
31251,8,31257,0.34
31253,8,31259,0.34
31255,8,31261,0.34
31263,8,31269,0.34
31265,8,31271,0.34
31267,8,31273,0.34
31275,8,31281,0.34
31277,8,31283,0.34
31279,8,31285,0.34
31287,8,31293,0.34
31289,8,31295,0.34
31291,8,31297,0.34
31299,8,31305,0.34
31301,8,31307,0.34
31303,8,31309,0.34
31311,8,31317,0.34
31313,8,31319,0.34
31315,8,31321,0.34
31323,8,31329,0.34
31325,8,31331,0.34
31327,8,31333,0.34
31335,8,31341,0.34
31337,8,31343,0.34
31339,8,31345,0.34
31347,8,31353,0.34
31349,8,31355,0.34
31351,8,31357,0.34
31359,8,31365,0.34
31361,8,31367,0.34
31363,8,31369,0.34
31371,8,31377,0.34
31373,8,31379,0.34
31375,8,31381,0.34
31383,8,31389,0.34
31385,8,31391,0.34
31387,8,31393,0.34
31395,8,31401,0.34
31397,8,31403,0.34
31399,8,31405,0.34
31407,8,31413,0.34
31409,8,31415,0.34
31411,8,31417,0.34
31419,8,31425,0.34
31421,8,31427,0.34
31423,8,31429,0.34
31431,8,31437,0.34
31433,8,31439,0.34
31435,8,31441,0.34
31443,8,31449,0.34
31445,8,31451,0.34
31447,8,31453,0.34
31455,8,31461,0.34
31457,8,31463,0.34
31459,8,31465,0.34
31467,8,31473,0.34
31469,8,31475,0.34
31471,8,31477,0.34
31479,8,31485,0.34
31481,8,31487,0.34
31483,8,31489,0.34
31491,8,31497,0.34
31493,8,31499,0.34
31495,8,31501,0.34
31503,8,31509,0.34
31505,8,31511,0.34
31507,8,31513,0.34
31515,8,31521,0.34
31517,8,31523,0.34
31519,8,31525,0.34
31527,8,31533,0.34
31529,8,31535,0.34
31531,8,31537,0.34
31539,8,31545,0.34
31541,8,31547,0.34
31543,8,31549,0.34
31551,8,31557,0.34
31553,8,31559,0.34
31555,8,31561,0.34
31563,8,31569,0.34
31565,8,31571,0.34
31567,8,31573,0.34
31575,8,31581,0.34
31577,8,31583,0.34
31579,8,31585,0.34
47966,8,52251,0.30
47967,8,52253,0.26
47969,8,47970,0.34
47971,8,47972,0.34
47973,8,47974,0.34
31591,8,31597,0.34
31599,8,31605,0.34
31601,8,31607,0.34
31603,8,33302,0.34
31609,8,31615,0.34
31611,8,31617,0.34
31613,8,31619,0.34
31621,8,31627,0.34
31623,8,31629,0.34
31625,8,31631,0.34
31633,8,31639,0.34
31635,8,31641,0.34
31637,8,31643,0.34
31645,8,31651,0.34
31647,8,31653,0.34
31649,8,31655,0.34
31657,8,31663,0.34
31659,8,31665,0.34
31661,8,31667,0.34
31669,8,31675,0.34
31671,8,31677,0.34
31673,8,31679,0.34
31681,8,31687,0.34
31683,8,31689,0.34
31685,8,31691,0.34
31693,8,31699,0.34
31695,8,31701,0.34
31697,8,31703,0.34
31705,8,31711,0.34
31707,8,31713,0.34
31709,8,31715,0.34
48095,8,48096,0.34
48097,8,48100,0.34
48099,8,48101,0.34
48102,8,48105,0.34
48104,8,48106,0.34
48107,8,48110,0.34
48109,8,48111,0.34
31729,8,31735,0.34
31731,8,31737,0.34
31733,8,31739,0.34
31741,8,31747,0.34
31743,8,31749,0.34
31745,8,31751,0.34
31753,8,31759,0.34
31755,8,31761,0.34
31757,8,31763,0.34
31765,8,31771,0.34
31767,8,31773,0.34
31769,8,31775,0.34
31777,8,31783,0.34
31779,8,31785,0.34
31781,8,31787,0.34
31789,8,31795,0.34
31791,8,31797,0.34
31793,8,31799,0.34
31801,8,31811,0.34
31803,8,31813,0.34
31805,8,31815,0.34
31817,8,31823,0.34
31819,8,31825,0.34
31821,8,31827,0.34
15511,8,21641,0.34
32026,8,32030,0.34
32028,8,32032,0.34
32034,8,32038,0.34
32036,8,32040,0.34
32042,8,32046,0.34
32044,8,32048,0.34
32050,8,32054,0.34
32052,8,32056,0.34
32058,8,32062,0.34
32060,8,32064,0.34
32070,8,32074,0.34
32072,8,32076,0.34
32082,8,32086,0.34
32084,8,32088,0.34
32090,8,32094,0.34
32092,8,32096,0.34
32326,8,41351,0.34
32341,8,41352,0.34
32343,8,41354,0.34
32345,8,41353,0.34
32437,8,41292,0.34
32437,8,41293,0.34
32439,8,41296,0.34
32439,8,41297,0.34
32441,8,41288,0.34
32441,8,41289,0.34
32443,8,41300,0.34
32443,8,41301,0.34
32445,8,41187,0.34
16228,8,22447,0.26
16230,8,22467,0.26
16232,8,22469,0.26
16234,8,22475,0.26
16237,8,22453,0.30
16239,8,22465,0.30
16241,8,22461,0.30
16243,8,22457,0.30
16279,8,22230,0.34
