origin_id,materials_id,quantities,invention_time,invented_id,invented_runs,materials_count
683,"[20416, 25887]","[2, 2]",63900,39581,1,2
684,"[20411, 25887]","[2, 2]",63900,11177,1,2
684,"[20411, 25887]","[2, 2]",63900,11179,1,2
685,"[20418, 25887]","[2, 2]",63900,11195,1,2
686,"[20416, 25887]","[8, 8]",128100,11986,1,2
687,"[20411, 25887]","[8, 8]",128100,11994,1,2
688,"[20411, 25887]","[32, 32]",192000,28711,1,2
689,"[20172, 20411]","[2, 2]",63900,11197,1,2
689,"[20172, 20411]","[2, 2]",63900,11199,1,2
690,"[20172, 20414]","[2, 2]",63900,11183,1,2
691,"[20172, 20424]","[2, 2]",63900,11372,1,2
691,"[20172, 20424]","[2, 2]",63900,11401,1,2
692,"[20172, 20411]","[8, 8]",128100,12000,1,2
693,"[20172, 20411]","[32, 32]",192000,28666,1,2
785,"[20424, 20413]","[2, 2]",13800,784,10,2
786,"[20423, 20420]","[1, 1]",13800,2405,10,2
788,"[20423, 20420]","[2, 2]",30900,2411,10,2
790,"[20423, 20420]","[3, 3]",51000,2421,10,2
803,"[20418, 20420]","[1, 1]",68100,24536,10,2
803,"[20418, 20420]","[1, 1]",68100,24540,10,2
804,"[20418, 20420]","[1, 1]",68100,24534,10,2
804,"[20418, 20420]","[1, 1]",68100,24542,10,2
805,"[20418, 20420]","[1, 1]",68100,2622,10,2
805,"[20418, 20420]","[1, 1]",68100,2638,10,2
806,"[20418, 20420]","[1, 1]",68100,24532,10,2
806,"[20418, 20420]","[1, 1]",68100,24538,10,2
807,"[20418, 20420]","[1, 1]",45600,2656,10,2
807,"[20418, 20420]","[1, 1]",45600,24508,10,2
808,"[20418, 20420]","[1, 1]",45600,24510,10,2
808,"[20418, 20420]","[1, 1]",45600,24518,10,2
809,"[20418, 20420]","[1, 1]",45600,24512,10,2
809,"[20418, 20420]","[1, 1]",45600,24516,10,2
810,"[20418, 20420]","[1, 1]",45600,2630,10,2
810,"[20418, 20420]","[1, 1]",45600,24514,10,2
811,"[20418, 20420]","[1, 1]",22800,24496,10,2
811,"[20418, 20420]","[1, 1]",22800,24502,10,2
812,"[20418, 20420]","[1, 1]",22800,2648,10,2
812,"[20418, 20420]","[1, 1]",22800,24500,10,2
813,"[20418, 20420]","[1, 1]",22800,2614,10,2
813,"[20418, 20420]","[1, 1]",22800,24506,10,2
814,"[20418, 20420]","[1, 1]",22800,24498,10,2
814,"[20418, 20420]","[1, 1]",22800,24504,10,2
819,"[20424, 20423]","[1, 1]",13800,2874,10,2
820,"[20424, 20423]","[1, 1]",13800,16032,10,2
821,"[20424, 20423]","[1, 1]",13800,2890,10,2
822,"[20424, 20423]","[1, 1]",13800,2906,10,2
823,"[20424, 20423]","[1, 1]",13800,2978,10,2
824,"[20424, 20423]","[2, 2]",30900,2938,10,2
825,"[20424, 20423]","[2, 2]",30900,2898,10,2
826,"[20424, 20423]","[2, 2]",30900,2914,10,2
827,"[20424, 20423]","[2, 2]",30900,2922,10,2
828,"[20424, 20423]","[2, 2]",30900,2970,10,2
829,"[20424, 20423]","[3, 3]",51000,2946,10,2
830,"[20424, 20423]","[3, 3]",51000,2954,10,2
831,"[20424, 20423]","[3, 3]",51000,16029,10,2
832,"[20424, 20423]","[3, 3]",51000,2866,10,2
833,"[20424, 20423]","[3, 3]",51000,2962,10,2
834,"[20411, 20413]","[1, 1]",13800,3018,10,2
835,"[20411, 20413]","[1, 1]",13800,3002,10,2
836,"[20411, 20413]","[1, 1]",13800,2994,10,2
837,"[20411, 20413]","[1, 1]",13800,3042,10,2
838,"[20411, 20413]","[1, 1]",13800,3034,10,2
839,"[20411, 20413]","[2, 2]",30900,3286,10,2
840,"[20411, 20413]","[2, 2]",30900,3513,10,2
841,"[20411, 20413]","[2, 2]",30900,3010,10,2
842,"[20411, 20413]","[2, 2]",30900,3521,10,2
843,"[20411, 20413]","[2, 2]",30900,3026,10,2
844,"[20411, 20413]","[3, 3]",51000,4148,10,2
845,"[20411, 20413]","[3, 3]",51000,2986,10,2
846,"[20411, 20413]","[3, 3]",51000,3058,10,2
847,"[20411, 20413]","[3, 3]",51000,3050,10,2
848,"[20411, 20413]","[3, 3]",51000,3066,10,2
879,"[20424, 20423]","[1, 1]",22800,12634,10,2
880,"[20424, 20423]","[1, 1]",22800,12626,10,2
882,"[20423, 20424]","[1, 1]",22800,12609,10,2
883,"[20424, 20423]","[1, 1]",22800,12632,10,2
887,"[20424, 20423]","[1, 1]",45600,12772,10,2
888,"[20424, 20423]","[1, 1]",45600,12774,10,2
890,"[20423, 20424]","[1, 1]",45600,12778,10,2
891,"[20424, 20423]","[1, 1]",45600,12768,10,2
895,"[20424, 20423]","[1, 1]",68100,12766,10,2
896,"[20424, 20423]","[1, 1]",68100,12776,10,2
898,"[20423, 20424]","[1, 1]",68100,12780,10,2
899,"[20424, 20423]","[1, 1]",68100,12762,10,2
936,"[20411, 20421]","[2, 2]",63900,11185,1,2
936,"[20411, 20421]","[2, 2]",63900,11187,1,2
937,"[20416, 20421]","[2, 2]",63900,12041,1,2
937,"[20416, 20421]","[2, 2]",63900,39580,1,2
939,"[20410, 20416]","[2, 2]",63900,40301,1,2
940,"[20410, 20424]","[2, 2]",63900,11378,1,2
941,"[20410, 20424]","[2, 2]",63900,12043,1,2
941,"[20410, 20424]","[2, 2]",63900,12045,1,2
944,"[20421, 20424]","[2, 2]",63900,11366,1,2
944,"[20421, 20424]","[2, 2]",63900,11394,1,2
945,"[20172, 20424]","[2, 2]",63900,12035,1,2
946,"[20172, 20416]","[2, 2]",63900,40302,1,2
949,"[20424, 25887]","[2, 2]",63900,12031,1,2
950,"[20424, 25887]","[2, 2]",63900,11380,1,2
950,"[20424, 25887]","[2, 2]",63900,11382,1,2
952,"[20414, 25887]","[2, 2]",63900,11193,1,2
954,"[20410, 20414]","[2, 2]",63900,11173,1,2
955,"[20410, 20411]","[2, 2]",63900,11201,1,2
955,"[20410, 20411]","[2, 2]",63900,11203,1,2
956,"[20410, 20418]","[2, 2]",63900,11175,1,2
968,"[20424, 25887]","[8, 8]",128100,11996,1,2
968,"[20424, 25887]","[8, 8]",128100,12012,1,2
969,"[20421, 20424]","[8, 8]",128100,12018,1,2
969,"[20421, 20424]","[8, 8]",128100,12020,1,2
970,"[20416, 20421]","[8, 8]",128100,11988,1,2
971,"[20410, 20424]","[8, 8]",128100,12006,1,2
972,"[20410, 20411]","[8, 8]",128100,12022,1,2
972,"[20410, 20411]","[8, 8]",128100,12024,1,2
973,"[20418, 20421]","[8, 8]",128100,11966,1,2
973,"[20418, 20421]","[8, 8]",128100,20126,1,2
974,"[20172, 20424]","[8, 8]",128100,12014,1,2
974,"[20172, 20424]","[8, 8]",128100,12016,1,2
975,"[20172, 20418]","[8, 8]",128100,11962,1,2
975,"[20172, 20418]","[8, 8]",128100,11964,1,2
976,"[20172, 20416]","[8, 8]",128100,11979,1,2
977,"[20418, 25887]","[8, 8]",128100,11958,1,2
977,"[20418, 25887]","[8, 8]",128100,11960,1,2
978,"[20410, 20418]","[8, 8]",128100,11970,1,2
978,"[20410, 20418]","[8, 8]",128100,11972,1,2
979,"[20410, 20416]","[8, 8]",128100,11990,1,2
983,"[20415, 25887]","[8, 8]",128100,12730,1,2
984,"[20415, 25887]","[8, 8]",128100,12732,1,2
985,"[20410, 20415]","[8, 8]",128100,12744,1,2
987,"[20172, 20415]","[8, 8]",128100,12748,1,2
988,"[20172, 20415]","[8, 8]",128100,12736,1,2
990,"[20410, 20415]","[8, 8]",128100,12746,1,2
994,"[20418, 25887]","[32, 32]",192000,22437,1,2
995,"[20410, 20411]","[32, 32]",192000,28662,1,2
996,"[20411, 20421]","[32, 32]",192000,28660,1,2
997,"[20421, 20424]","[32, 32]",192000,22429,1,2
998,"[20172, 20411]","[32, 32]",192000,22441,1,2
999,"[20410, 20424]","[32, 32]",192000,22431,1,2
1010,"[20171, 20414]","[1, 1]",13800,1013,10,2
1026,"[20171, 20414]","[2, 2]",30900,1027,10,2
1032,"[20171, 20414]","[1, 1]",13800,1033,10,2
1067,"[20420, 20415]","[1, 1]",13800,1073,10,2
1072,"[20420, 20415]","[1, 1]",13800,1071,10,2
1074,"[20417, 20418]","[1, 1]",30900,2039,10,2
1075,"[20417, 20418]","[2, 2]",30900,1856,10,2
1076,"[20417, 20418]","[2, 2]",30900,2334,10,2
1079,"[20417, 20419]","[2, 2]",30900,1080,10,2
1096,"[20424, 20418]","[2, 2]",13800,1095,10,2
1099,"[20416, 20171]","[1, 1]",13800,1184,10,2
1100,"[20416, 20415]","[1, 1]",13800,2356,10,2
1102,"[20417, 20419]","[2, 2]",30900,1103,10,2
1105,"[20411, 20414]","[1, 1]",13800,1191,10,2
1106,"[20411, 20414]","[1, 1]",13800,13002,10,2
1109,"[20411, 20414]","[1, 1]",13800,13004,10,2
1112,"[20414, 20412]","[1, 1]",13800,3099,10,2
1113,"[20414, 20412]","[1, 1]",13800,3163,10,2
1114,"[20414, 20412]","[1, 1]",13800,3171,10,2
1115,"[20414, 20412]","[1, 1]",13800,3179,10,2
1116,"[20412, 20414]","[1, 1]",13800,3075,10,2
1117,"[20414, 20412]","[2, 2]",30900,3131,10,2
1118,"[20412, 20414]","[2, 2]",30900,3107,10,2
1119,"[20414, 20412]","[2, 2]",30900,3147,10,2
1120,"[20414, 20412]","[2, 2]",30900,3139,10,2
1121,"[20412, 20414]","[2, 2]",30900,3083,10,2
1122,"[20414, 20412]","[3, 3]",51000,3123,10,2
1123,"[20412, 20414]","[3, 3]",51000,3115,10,2
1124,"[20414, 20412]","[3, 3]",51000,3187,10,2
1125,"[20412, 20414]","[3, 3]",51000,3091,10,2
1126,"[20414, 20412]","[3, 3]",51000,3155,10,2
1128,"[20411, 20414]","[2, 2]",30900,2025,10,2
1129,"[20171, 20414]","[2, 2]",30900,2282,10,2
1132,"[20412, 20414]","[1, 1]",22800,12621,10,2
1134,"[20412, 20414]","[1, 1]",22800,12615,10,2
1136,"[20412, 20414]","[1, 1]",22800,12619,10,2
1137,"[20414, 20412]","[1, 1]",22800,12613,10,2
1140,"[20412, 20414]","[1, 1]",45600,12802,10,2
1142,"[20412, 20414]","[1, 1]",45600,12786,10,2
1144,"[20412, 20414]","[1, 1]",45600,12806,10,2
1145,"[20414, 20412]","[1, 1]",45600,12790,10,2
1148,"[20412, 20414]","[1, 1]",68100,12804,10,2
1150,"[20412, 20414]","[1, 1]",68100,12788,10,2
1152,"[20412, 20414]","[1, 1]",68100,12808,10,2
1153,"[20414, 20412]","[1, 1]",68100,12792,10,2
1154,"[20411, 20413]","[1, 1]",22800,12560,10,2
1158,"[20411, 20413]","[1, 1]",22800,12564,10,2
1159,"[20411, 20413]","[1, 1]",22800,12566,10,2
1161,"[20411, 20413]","[1, 1]",22800,12558,10,2
1162,"[20411, 20413]","[1, 1]",45600,12823,10,2
1166,"[20411, 20413]","[1, 1]",45600,12819,10,2
1167,"[20411, 20413]","[1, 1]",45600,12815,10,2
1169,"[20411, 20413]","[1, 1]",45600,12827,10,2
1170,"[20411, 20413]","[1, 1]",68100,12825,10,2
1174,"[20411, 20413]","[1, 1]",68100,12821,10,2
1175,"[20411, 20413]","[1, 1]",68100,12817,10,2
1177,"[20411, 20413]","[1, 1]",68100,12829,10,2
1186,"[20411, 20414]","[1, 1]",13800,3489,10,2
1196,"[20411, 20414]","[2, 2]",30900,2033,10,2
1204,"[20416, 20171]","[1, 1]",13800,1205,10,2
1208,"[20417, 20418]","[1, 1]",51000,1437,10,2
1210,"[20417, 20418]","[2, 2]",30900,2118,10,2
1212,"[20417, 20418]","[1, 1]",30900,2342,10,2
1214,"[20419, 20418]","[3, 3]",23700,2437,10,2
1220,"[20418, 20420]","[1, 1]",22800,24472,10,2
1220,"[20418, 20420]","[1, 1]",22800,24605,10,2
1221,"[20418, 20420]","[1, 1]",68100,24522,10,2
1221,"[20418, 20420]","[1, 1]",68100,24530,10,2
1245,"[20416, 20415]","[1, 1]",13800,1237,10,2
1247,"[20411, 20414]","[1, 1]",13800,1249,10,2
1255,"[20171, 20414]","[2, 2]",13800,1257,10,2
1265,"[20416, 20171]","[1, 1]",13800,1267,10,2
1275,"[20416, 20171]","[1, 1]",13800,1277,10,2
1285,"[20416, 20171]","[1, 1]",13800,1287,10,2
1295,"[20416, 20171]","[1, 1]",13800,1297,10,2
1305,"[20171, 20415]","[1, 1]",13800,1307,10,2
1318,"[20416, 20415]","[2, 2]",13800,1320,10,2
1334,"[20416, 20415]","[1, 1]",13800,1336,10,2
1354,"[20411, 20414]","[2, 2]",13800,1356,10,2
1404,"[20416, 20415]","[1, 1]",13800,1406,10,2
1446,"[20411, 20414]","[2, 2]",13800,1448,10,2
1540,"[20411, 20414]","[2, 2]",13800,1542,10,2
1548,"[20415, 20423]","[1, 1]",13800,1550,10,2
1552,"[20423, 20415]","[1, 1]",13800,1554,10,2
1558,"[20415, 20423]","[1, 1]",13800,1560,10,2
1564,"[20415, 20423]","[1, 1]",13800,1566,10,2
1809,"[20171, 20414]","[1, 1]",30900,2554,10,2
1876,"[20424, 20420]","[2, 2]",30900,1878,10,2
1945,"[20415, 20421]","[8, 8]",128100,12754,1,2
2007,"[20411, 20421]","[8, 8]",128100,12004,1,2
2019,"[20411, 20414]","[2, 2]",30900,3497,10,2
2021,"[20411, 20414]","[3, 3]",30900,3505,10,2
2047,"[20416, 20415]","[2, 2]",13800,2049,10,2
2162,"[20418, 20421]","[2, 2]",63900,11191,1,2
2174,"[20419, 20418]","[2, 2]",15900,2176,10,2
2184,"[20419, 20418]","[2, 2]",15900,2186,10,2
2194,"[20419, 20418]","[3, 3]",23700,2196,10,2
2204,"[20419, 20418]","[1, 1]",7800,2206,10,2
2290,"[20171, 20414]","[2, 2]",30900,2298,10,2
2292,"[20171, 20414]","[2, 2]",30900,2300,10,2
2294,"[20171, 20414]","[2, 2]",30900,2302,10,2
2296,"[20171, 20414]","[2, 2]",30900,2304,10,2
2332,"[20171, 20414]","[2, 2]",13800,1423,10,2
2445,"[20419, 20418]","[3, 3]",23700,2447,10,2
2455,"[20419, 20418]","[1, 1]",7800,2457,10,2
2465,"[20419, 20418]","[1, 1]",7800,2467,10,2
2477,"[20419, 20418]","[3, 3]",23700,2479,10,2
2487,"[20419, 20418]","[1, 1]",7800,2489,10,2
2507,"[20418, 20420]","[1, 1]",68100,24524,10,2
2507,"[20418, 20420]","[1, 1]",68100,24528,10,2
2509,"[20418, 20420]","[1, 1]",68100,2802,10,2
2509,"[20418, 20420]","[1, 1]",68100,24520,10,2
2511,"[20418, 20420]","[1, 1]",68100,2812,10,2
2511,"[20418, 20420]","[1, 1]",68100,24526,10,2
2513,"[20418, 20420]","[1, 1]",22800,2818,10,2
2513,"[20418, 20420]","[1, 1]",22800,24544,10,2
2515,"[20418, 20420]","[1, 1]",22800,24476,10,2
2515,"[20418, 20420]","[1, 1]",22800,24543,10,2
2517,"[20418, 20420]","[1, 1]",22800,24474,10,2
2517,"[20418, 20420]","[1, 1]",22800,24604,10,2
2530,"[20171, 20414]","[1, 1]",30900,2532,10,2
2538,"[20171, 20414]","[1, 1]",30900,2540,10,2
2546,"[20171, 20414]","[1, 1]",30900,2548,10,2
2604,"[20416, 20415]","[1, 1]",13800,2606,10,2
3243,"[20417, 20419]","[2, 2]",30900,3245,10,2
3529,"[20416, 20171]","[2, 2]",30900,3531,10,2
3539,"[20416, 20171]","[3, 3]",51000,3541,10,2
3567,"[20411, 20414]","[1, 1]",13800,3569,10,2
3577,"[20411, 20414]","[3, 3]",51000,3579,10,2
3587,"[20171, 20414]","[1, 1]",13800,3589,10,2
3597,"[20171, 20414]","[2, 2]",30900,3599,10,2
3607,"[20171, 20414]","[3, 3]",30900,3609,10,2
3617,"[20171, 20414]","[8, 8]",72000,3619,5,2
3654,"[20416, 20415]","[2, 2]",30900,3656,10,2
3664,"[20416, 20415]","[3, 3]",30900,3666,10,2
3767,"[20172, 20418]","[2, 2]",63900,11388,1,2
3830,"[20171, 20414]","[2, 2]",13800,3832,10,2
3840,"[20171, 20414]","[3, 3]",30900,3842,10,2
3938,"[20415, 20423]","[2, 2]",30900,3940,10,2
3942,"[20423, 20415]","[2, 2]",30900,3944,10,2
3948,"[20415, 20423]","[2, 2]",30900,3950,10,2
3954,"[20415, 20423]","[2, 2]",30900,3956,10,2
3978,"[20415, 20423]","[3, 3]",51000,3980,10,2
3982,"[20423, 20415]","[3, 3]",51000,3984,10,2
3988,"[20415, 20423]","[3, 3]",51000,3990,10,2
3994,"[20415, 20423]","[3, 3]",51000,3996,10,2
4394,"[20419, 20418]","[2, 2]",13800,4406,10,2
4396,"[20417, 20418]","[2, 2]",15600,4400,1,2
4398,"[20417, 20418]","[3, 3]",23400,4402,1,2
9945,"[20424, 20418]","[2, 2]",13800,10191,10,2
10247,"[20419, 20418]","[1, 1]",7800,10251,10,2
10630,"[20423, 20420]","[1, 1]",13800,10632,10,2
10679,"[20412, 20414]","[1, 1]",13800,10681,10,2
10837,"[20171, 20414]","[2, 2]",13800,10851,10,2
10839,"[20171, 20414]","[3, 3]",30900,10859,10,2
10841,"[20171, 20414]","[3, 3]",51000,10843,10,2
11218,"[20416, 20171]","[2, 2]",13800,11220,10,2
11228,"[20416, 20171]","[2, 2]",13800,11230,10,2
11238,"[20416, 20171]","[2, 2]",13800,11240,10,2
11248,"[20416, 20171]","[2, 2]",13800,11250,10,2
11258,"[20416, 20171]","[2, 2]",13800,11260,10,2
11268,"[20416, 20171]","[2, 2]",13800,11270,10,2
11278,"[20416, 20171]","[2, 2]",13800,11649,10,2
11280,"[20416, 20171]","[3, 3]",51000,20354,10,2
11294,"[20416, 20171]","[1, 1]",13800,20346,10,2
11296,"[20416, 20171]","[2, 2]",13800,20348,10,2
11298,"[20416, 20171]","[2, 2]",13800,20350,10,2
11300,"[20416, 20171]","[3, 3]",30900,20352,10,2
11302,"[20416, 20171]","[2, 2]",13800,11643,10,2
11304,"[20416, 20171]","[2, 2]",13800,11647,10,2
11306,"[20416, 20171]","[2, 2]",13800,11645,10,2
11356,"[20416, 20171]","[1, 1]",13800,26917,10,2
11358,"[20416, 20171]","[2, 2]",30900,26916,10,2
11360,"[20416, 20171]","[3, 3]",51000,26915,10,2
11562,"[20171, 20414]","[3, 3]",30900,24444,10,2
11564,"[20411, 20414]","[1, 1]",13800,4255,10,2
11612,"[20424, 20418]","[2, 2]",13800,11795,10,2
11613,"[20418, 20414]","[2, 2]",13800,11641,10,2
11614,"[20417, 20418]","[2, 2]",30900,11844,10,2
11616,"[20424, 20418]","[2, 2]",13800,11848,10,2
11617,"[20424, 20418]","[2, 2]",30900,11851,10,2
11619,"[20417, 20418]","[2, 2]",13800,11747,10,2
11620,"[20417, 20418]","[2, 2]",30900,11808,10,2
11621,"[20424, 20418]","[2, 2]",30900,11840,10,2
11628,"[20417, 20418]","[2, 2]",30900,11775,10,2
11629,"[20417, 20418]","[2, 2]",30900,11779,10,2
11630,"[20417, 20418]","[2, 2]",30900,11783,10,2
11631,"[20417, 20418]","[2, 2]",30900,11787,10,2
11632,"[20417, 20418]","[2, 2]",30900,11791,10,2
11634,"[20417, 20418]","[2, 2]",13800,11812,10,2
11798,"[20417, 20418]","[1, 1]",30900,11799,10,2
11803,"[20417, 20418]","[1, 1]",30900,11804,10,2
12053,"[20420, 20415]","[2, 2]",30900,12077,10,2
12055,"[20420, 20415]","[3, 3]",51000,12085,10,2
12057,"[20420, 20415]","[2, 2]",30900,12059,10,2
12067,"[20420, 20415]","[3, 3]",51000,12069,10,2
12109,"[20424, 20413]","[2, 2]",36000,18069,10,2
12218,"[20411, 20414]","[2, 2]",30900,12222,10,2
12220,"[20411, 20414]","[8, 8]",72000,12224,5,2
12226,"[20411, 20414]","[3, 3]",51000,12103,10,2
12258,"[20411, 20414]","[2, 2]",30900,12260,10,2
12262,"[20411, 20414]","[3, 3]",51000,12264,10,2
12266,"[20411, 20414]","[2, 2]",30900,12268,10,2
12270,"[20411, 20414]","[3, 3]",51000,12272,10,2
12275,"[20424, 20418]","[2, 2]",13800,22292,10,2
12297,"[20417, 20419]","[3, 3]",81300,26893,10,2
12300,"[20417, 20419]","[6, 6]",178800,26891,10,2
12301,"[20417, 20419]","[9, 9]",268200,26889,10,2
12345,"[20412, 20414]","[2, 2]",30900,12347,10,2
12355,"[20412, 20414]","[3, 3]",51000,12357,10,2
12710,"[20417, 20419]","[2, 2]",30900,19807,10,2
13000,"[20419, 20414]","[2, 2]",72300,12104,10,2
13000,"[20419, 20414]","[2, 2]",72300,12105,10,2
13321,"[20423, 20420]","[3, 3]",51000,19740,10,2
15509,"[20419, 20418]","[2, 2]",15900,21639,10,2
15511,"[20419, 20418]","[2, 2]",15900,21641,10,2
16228,"[20424, 25887]","[16, 16]",160200,22447,1,2
16230,"[20410, 20424]","[16, 16]",160200,22467,1,2
16232,"[20172, 20424]","[16, 16]",160200,22469,1,2
16234,"[20421, 20424]","[16, 16]",160200,22475,1,2
16237,"[20411, 20421]","[4, 4]",96000,22453,1,2
16239,"[20411, 25887]","[4, 4]",96000,22465,1,2
16241,"[20410, 20411]","[4, 4]",96000,22461,1,2
16243,"[20172, 20411]","[4, 4]",96000,22457,1,2
16279,"[20424, 20413]","[2, 2]",36000,22230,10,2
17477,"[20410, 20413]","[8, 8]",128100,22545,1,2
17479,"[20410, 20413]","[8, 8]",128100,22549,1,2
17481,"[20410, 20413]","[8, 8]",128100,22547,1,2
17483,"[20424, 20413]","[2, 2]",36000,17913,10,2
17483,"[20424, 20413]","[2, 2]",36000,24306,10,2
17649,"[20412, 20414]","[1, 1]",72000,41323,10,2
17651,"[20412, 20414]","[1, 1]",72000,41327,10,2
17657,"[20412, 20414]","[1, 1]",72000,41329,10,2
17659,"[20412, 20414]","[1, 1]",72000,41325,10,2
17665,"[20423, 20424]","[1, 1]",72000,41319,10,2
17667,"[20423, 20424]","[1, 1]",72000,41315,10,2
17673,"[20423, 20424]","[1, 1]",72000,41317,10,2
17679,"[20423, 20424]","[1, 1]",72000,41321,10,2
17687,"[20411, 20413]","[1, 1]",72000,41335,10,2
17689,"[20411, 20413]","[1, 1]",72000,41337,10,2
17693,"[20411, 20413]","[1, 1]",72000,41331,10,2
17695,"[20411, 20413]","[1, 1]",72000,41333,10,2
17858,"[20418, 20420]","[1, 1]",72000,41282,10,2
17858,"[20418, 20420]","[1, 1]",72000,41283,10,2
17860,"[20418, 20420]","[1, 1]",72000,41278,10,2
17860,"[20418, 20420]","[1, 1]",72000,41279,10,2
17862,"[20418, 20420]","[1, 1]",72000,41284,10,2
17862,"[20418, 20420]","[1, 1]",72000,41285,10,2
17864,"[20418, 20420]","[1, 1]",72000,41280,10,2
17864,"[20418, 20420]","[1, 1]",72000,41281,10,2
17939,"[20423, 20420]","[1, 1]",51000,4259,10,2
18055,"[20411, 20413]","[5, 5]",3300,18609,10,2
18640,"[20423, 20420]","[1, 1]",55200,4261,10,2
19745,"[20415, 20421]","[8, 8]",128100,12734,1,2
20184,"[20415, 20421]","[64, 64]",1485000,28851,1,2
20186,"[20415, 25887]","[64, 64]",1485000,28845,1,2
20188,"[20410, 20415]","[64, 64]",1485000,28849,1,2
20190,"[20172, 20415]","[64, 64]",1485000,28847,1,2
20281,"[20419, 20414]","[6, 6]",1021800,4293,10,2
20445,"[20411, 20413]","[8, 8]",72000,41110,5,2
20447,"[20411, 20413]","[8, 8]",72000,41186,5,2
20449,"[20412, 20414]","[8, 8]",72000,41145,5,2
20451,"[20412, 20414]","[8, 8]",72000,41136,5,2
20453,"[20423, 20424]","[8, 8]",72000,41166,5,2
20455,"[20423, 20424]","[8, 8]",72000,41172,5,2
20540,"[20420, 20423]","[8, 8]",72000,41190,5,2
20702,"[20171, 20416]","[8, 8]",72000,41616,5,2
20704,"[20171, 20414]","[8, 8]",72000,41634,5,2
21868,"[20418, 20420]","[1, 1]",45600,24489,10,2
21868,"[20418, 20420]","[1, 1]",45600,24616,10,2
22176,"[20417, 20418]","[2, 2]",30900,30835,10,2
22178,"[20417, 20418]","[2, 2]",30900,30833,10,2
22543,"[20424, 20413]","[2, 2]",13800,28577,10,2
22554,"[20415, 20423]","[2, 2]",68100,4275,10,2
22556,"[20415, 20423]","[2, 2]",68100,4279,10,2
22558,"[20415, 20423]","[2, 2]",68100,4277,10,2
22577,"[20424, 20413]","[2, 2]",13800,28579,10,2
22766,"[20419, 20418]","[3, 3]",23700,28200,10,2
23056,"[20418, 20419]","[3, 3]",36000,41375,10,2
23058,"[20418, 20419]","[3, 3]",36000,41378,10,2
23060,"[20418, 20419]","[3, 3]",36000,41381,10,2
23062,"[20418, 20419]","[3, 3]",36000,41384,10,2
23524,"[20419, 20418]","[3, 3]",23700,28198,10,2
23526,"[20419, 20418]","[3, 3]",23700,28214,10,2
23528,"[20419, 20418]","[2, 2]",51000,24428,10,2
23534,"[20419, 20418]","[2, 2]",30900,24439,10,2
23560,"[20419, 20418]","[3, 3]",23700,28210,10,2
23562,"[20419, 20418]","[3, 3]",23700,28212,10,2
23564,"[20419, 20418]","[3, 3]",23700,28216,10,2
23710,"[20419, 20418]","[2, 2]",15900,28206,10,2
23712,"[20419, 20418]","[1, 1]",7800,28202,10,2
23718,"[20418, 20419]","[2, 2]",15900,28208,10,2
23720,"[20419, 20418]","[1, 1]",7800,28204,10,2
24284,"[20414, 20419]","[4, 4]",72000,41416,5,2
24349,"[20424, 20413]","[1, 1]",13800,4251,10,2
24396,"[20419, 20418]","[2, 2]",30900,24418,10,2
24570,"[20171, 20416]","[8, 8]",72000,41623,5,2
24645,"[20424, 20413]","[6, 6]",681000,4253,10,2
24697,"[20421, 20424]","[16, 16]",160200,22449,1,2
24699,"[20424, 25887]","[16, 16]",160200,22471,1,2
24701,"[20410, 20424]","[16, 16]",160200,22443,1,2
24703,"[20172, 20424]","[16, 16]",160200,22445,1,2
25267,"[20417, 20413]","[2, 2]",13800,25813,10,2
25562,"[20417, 20418]","[2, 2]",13800,25564,10,2
25737,"[20416, 20171]","[3, 3]",23400,26287,1,2
25862,"[20413, 20424]","[2, 2]",51000,30837,10,2
25889,"[20416, 20171]","[3, 3]",23400,26289,1,2
25891,"[20416, 20171]","[3, 3]",23400,26291,1,2
25893,"[20416, 20171]","[3, 3]",23400,26293,1,2
25895,"[20416, 20171]","[3, 3]",23400,26303,1,2
25897,"[20416, 20171]","[3, 3]",23400,26295,1,2
25899,"[20416, 20171]","[3, 3]",23400,26297,1,2
25901,"[20416, 20171]","[3, 3]",23400,26299,1,2
25903,"[20416, 20171]","[3, 3]",23400,26301,1,2
25907,"[20171, 20414]","[3, 3]",23400,26445,1,2
25909,"[20424, 20418]","[3, 3]",23400,26325,1,2
25911,"[20424, 20418]","[3, 3]",23400,26331,1,2
25913,"[20424, 20418]","[3, 3]",23400,26333,1,2
25915,"[20424, 20418]","[3, 3]",23400,26335,1,2
25917,"[20424, 20418]","[3, 3]",23400,26327,1,2
25919,"[20424, 20418]","[3, 3]",23400,26329,1,2
25921,"[20424, 20418]","[3, 3]",23400,26339,1,2
25925,"[20424, 20418]","[3, 3]",23400,26341,1,2
25929,"[20417, 20418]","[3, 3]",23400,26345,1,2
25931,"[20417, 20418]","[3, 3]",23400,26343,1,2
25933,"[20417, 20418]","[3, 3]",23400,26347,1,2
25935,"[20417, 20418]","[3, 3]",23400,26349,1,2
25937,"[20417, 20418]","[3, 3]",23400,26351,1,2
25949,"[20411, 20414]","[3, 3]",23400,26375,1,2
25951,"[20411, 20414]","[3, 3]",23400,26369,1,2
25953,"[20411, 20414]","[3, 3]",23400,26373,1,2
25955,"[20411, 20414]","[3, 3]",23400,26377,1,2
25957,"[20411, 20414]","[3, 3]",23400,26371,1,2
25969,"[20411, 20413]","[3, 3]",23400,26379,1,2
25971,"[20411, 20413]","[3, 3]",23400,26387,1,2
25973,"[20411, 20413]","[3, 3]",23400,26389,1,2
25975,"[20411, 20413]","[3, 3]",23400,26391,1,2
25977,"[20411, 20413]","[3, 3]",23400,26385,1,2
25979,"[20411, 20413]","[3, 3]",23400,26381,1,2
25981,"[20411, 20413]","[3, 3]",23400,26383,1,2
25997,"[20424, 20417]","[3, 3]",23400,26393,1,2
25999,"[20424, 20417]","[3, 3]",23400,26401,1,2
26001,"[20424, 20417]","[3, 3]",23400,26403,1,2
26003,"[20424, 20417]","[3, 3]",23400,26405,1,2
26005,"[20424, 20417]","[3, 3]",23400,26399,1,2
26007,"[20424, 20417]","[3, 3]",23400,26395,1,2
26009,"[20424, 20417]","[3, 3]",23400,26397,1,2
26017,"[20424, 20420]","[3, 3]",23400,26417,1,2
26021,"[20424, 20420]","[3, 3]",23400,26415,1,2
26023,"[20424, 20420]","[3, 3]",23400,26419,1,2
26027,"[20424, 20420]","[3, 3]",23400,26407,1,2
26029,"[20424, 20420]","[3, 3]",23400,26413,1,2
26031,"[20424, 20420]","[3, 3]",23400,26421,1,2
26039,"[20424, 20423]","[3, 3]",23400,26429,1,2
26041,"[20424, 20423]","[3, 3]",23400,26433,1,2
26043,"[20424, 20423]","[3, 3]",23400,26435,1,2
26047,"[20424, 20423]","[3, 3]",23400,26431,1,2
26049,"[20424, 20423]","[3, 3]",23400,26425,1,2
26057,"[20416, 20415]","[3, 3]",23400,26307,1,2
26059,"[20416, 20415]","[3, 3]",23400,26311,1,2
26061,"[20416, 20415]","[3, 3]",23400,26319,1,2
26063,"[20416, 20415]","[3, 3]",23400,26309,1,2
26067,"[20416, 20415]","[3, 3]",23400,26321,1,2
26069,"[20416, 20415]","[3, 3]",23400,26323,1,2
26071,"[20416, 20415]","[3, 3]",23400,26313,1,2
26073,"[20416, 20415]","[3, 3]",23400,26305,1,2
26077,"[20171, 20414]","[3, 3]",23400,26437,1,2
26079,"[20171, 20414]","[3, 3]",23400,26439,1,2
26081,"[20171, 20414]","[3, 3]",23400,26441,1,2
26083,"[20171, 20414]","[3, 3]",23400,26443,1,2
26085,"[20171, 20414]","[3, 3]",23400,26451,1,2
26087,"[20171, 20414]","[3, 3]",23400,26453,1,2
26089,"[20171, 20414]","[3, 3]",23400,26449,1,2
26091,"[20171, 20414]","[3, 3]",23400,26447,1,2
26097,"[20417, 20418]","[3, 3]",23400,26367,1,2
26101,"[20417, 20418]","[3, 3]",23400,26365,1,2
26103,"[20417, 20418]","[3, 3]",23400,26359,1,2
26105,"[20417, 20418]","[3, 3]",23400,26363,1,2
26107,"[20417, 20418]","[3, 3]",23400,26353,1,2
26109,"[20417, 20418]","[3, 3]",23400,26361,1,2
26111,"[20417, 20418]","[3, 3]",23400,26355,1,2
26113,"[20417, 20418]","[3, 3]",23400,26357,1,2
26759,"[20423, 20420]","[2, 2]",30900,25716,10,2
26760,"[20418, 20420]","[1, 1]",45600,24491,10,2
26760,"[20418, 20420]","[1, 1]",45600,24617,10,2
26761,"[20418, 20420]","[1, 1]",45600,24487,10,2
26761,"[20418, 20420]","[1, 1]",45600,24615,10,2
26762,"[20418, 20420]","[1, 1]",45600,2680,10,2
26762,"[20418, 20420]","[1, 1]",45600,24614,10,2
26930,"[20417, 20418]","[1, 1]",7200,26932,1,2
27065,"[20416, 20171]","[4, 4]",30900,31050,1,2
27069,"[20416, 20171]","[1, 1]",7200,31078,1,2
27905,"[20416, 20415]","[3, 3]",51000,3991,10,2
27915,"[20423, 20420]","[1, 1]",29400,4257,10,2
27931,"[20416, 20415]","[2, 2]",30900,4298,10,2
27933,"[20416, 20415]","[1, 1]",13800,4300,10,2
27935,"[20415, 20416]","[8, 8]",72000,41631,5,2
27952,"[20419, 20414]","[6, 6]",1021800,4295,10,2
28584,"[20414, 20419]","[6, 6]",1021800,42891,10,2
28655,"[20417, 20419]","[2, 2]",68100,4249,10,2
29249,"[20414, 20421]","[2, 2]",63900,11189,1,2
30187,"[20114, 20420]","[3, 3]",3600,45705,20,2
30187,"[20114, 20420]","[3, 3]",3600,45706,20,2
30187,"[20114, 20420]","[3, 3]",3600,45707,20,2
30187,"[20114, 20420]","[3, 3]",3600,45708,20,2
30187,"[20114, 20420]","[3, 3]",3600,45709,20,2
30187,"[20114, 20420]","[3, 3]",3600,45710,20,2
30187,"[20114, 20420]","[3, 3]",3600,45711,20,2
30187,"[20114, 20420]","[3, 3]",3600,45712,20,2
30187,"[20114, 20420]","[3, 3]",3600,45713,20,2
30187,"[20114, 20420]","[3, 3]",3600,45714,20,2
30187,"[20114, 20420]","[3, 3]",3600,45715,20,2
30187,"[20114, 20420]","[3, 3]",3600,45716,20,2
30558,"[20114, 20420]","[3, 3]",3600,45705,10,2
30558,"[20114, 20420]","[3, 3]",3600,45706,10,2
30558,"[20114, 20420]","[3, 3]",3600,45707,10,2
30558,"[20114, 20420]","[3, 3]",3600,45708,10,2
30558,"[20114, 20420]","[3, 3]",3600,45709,10,2
30558,"[20114, 20420]","[3, 3]",3600,45710,10,2
30558,"[20114, 20420]","[3, 3]",3600,45711,10,2
30558,"[20114, 20420]","[3, 3]",3600,45712,10,2
30558,"[20114, 20420]","[3, 3]",3600,45713,10,2
30558,"[20114, 20420]","[3, 3]",3600,45714,10,2
30558,"[20114, 20420]","[3, 3]",3600,45715,10,2
30558,"[20114, 20420]","[3, 3]",3600,45716,10,2
30562,"[20114, 20420]","[3, 3]",3600,45705,3,2
30562,"[20114, 20420]","[3, 3]",3600,45706,3,2
30562,"[20114, 20420]","[3, 3]",3600,45707,3,2
30562,"[20114, 20420]","[3, 3]",3600,45708,3,2
30562,"[20114, 20420]","[3, 3]",3600,45709,3,2
30562,"[20114, 20420]","[3, 3]",3600,45710,3,2
30562,"[20114, 20420]","[3, 3]",3600,45711,3,2
30562,"[20114, 20420]","[3, 3]",3600,45712,3,2
30562,"[20114, 20420]","[3, 3]",3600,45713,3,2
30562,"[20114, 20420]","[3, 3]",3600,45714,3,2
30562,"[20114, 20420]","[3, 3]",3600,45715,3,2
30562,"[20114, 20420]","[3, 3]",3600,45716,3,2
30582,"[20115, 20414]","[3, 3]",3600,45717,20,2
30582,"[20115, 20414]","[3, 3]",3600,45718,20,2
30582,"[20115, 20414]","[3, 3]",3600,45719,20,2
30582,"[20115, 20414]","[3, 3]",3600,45720,20,2
30582,"[20115, 20414]","[3, 3]",3600,45721,20,2
30582,"[20115, 20414]","[3, 3]",3600,45722,20,2
30582,"[20115, 20414]","[3, 3]",3600,45723,20,2
30582,"[20115, 20414]","[3, 3]",3600,45724,20,2
30582,"[20115, 20414]","[3, 3]",3600,45725,20,2
30582,"[20115, 20414]","[3, 3]",3600,45726,20,2
30582,"[20115, 20414]","[3, 3]",3600,45727,20,2
30582,"[20115, 20414]","[3, 3]",3600,45728,20,2
30586,"[20115, 20414]","[3, 3]",3600,45717,10,2
30586,"[20115, 20414]","[3, 3]",3600,45718,10,2
30586,"[20115, 20414]","[3, 3]",3600,45719,10,2
30586,"[20115, 20414]","[3, 3]",3600,45720,10,2
30586,"[20115, 20414]","[3, 3]",3600,45721,10,2
30586,"[20115, 20414]","[3, 3]",3600,45722,10,2
30586,"[20115, 20414]","[3, 3]",3600,45723,10,2
30586,"[20115, 20414]","[3, 3]",3600,45724,10,2
30586,"[20115, 20414]","[3, 3]",3600,45725,10,2
30586,"[20115, 20414]","[3, 3]",3600,45726,10,2
30586,"[20115, 20414]","[3, 3]",3600,45727,10,2
30586,"[20115, 20414]","[3, 3]",3600,45728,10,2
30588,"[20115, 20414]","[3, 3]",3600,45717,3,2
30588,"[20115, 20414]","[3, 3]",3600,45718,3,2
30588,"[20115, 20414]","[3, 3]",3600,45719,3,2
30588,"[20115, 20414]","[3, 3]",3600,45720,3,2
30588,"[20115, 20414]","[3, 3]",3600,45721,3,2
30588,"[20115, 20414]","[3, 3]",3600,45722,3,2
30588,"[20115, 20414]","[3, 3]",3600,45723,3,2
30588,"[20115, 20414]","[3, 3]",3600,45724,3,2
30588,"[20115, 20414]","[3, 3]",3600,45725,3,2
30588,"[20115, 20414]","[3, 3]",3600,45726,3,2
30588,"[20115, 20414]","[3, 3]",3600,45727,3,2
30588,"[20115, 20414]","[3, 3]",3600,45728,3,2
30614,"[11496, 20171]","[3, 3]",3600,45681,20,2
30614,"[11496, 20171]","[3, 3]",3600,45682,20,2
30614,"[11496, 20171]","[3, 3]",3600,45683,20,2
30614,"[11496, 20171]","[3, 3]",3600,45684,20,2
30614,"[11496, 20171]","[3, 3]",3600,45685,20,2
30614,"[11496, 20171]","[3, 3]",3600,45686,20,2
30614,"[11496, 20171]","[3, 3]",3600,45687,20,2
30614,"[11496, 20171]","[3, 3]",3600,45688,20,2
30614,"[11496, 20171]","[3, 3]",3600,45689,20,2
30614,"[11496, 20171]","[3, 3]",3600,45690,20,2
30614,"[11496, 20171]","[3, 3]",3600,45691,20,2
30614,"[11496, 20171]","[3, 3]",3600,45692,20,2
30615,"[11496, 20171]","[3, 3]",3600,45681,10,2
30615,"[11496, 20171]","[3, 3]",3600,45682,10,2
30615,"[11496, 20171]","[3, 3]",3600,45683,10,2
30615,"[11496, 20171]","[3, 3]",3600,45684,10,2
30615,"[11496, 20171]","[3, 3]",3600,45685,10,2
30615,"[11496, 20171]","[3, 3]",3600,45686,10,2
30615,"[11496, 20171]","[3, 3]",3600,45687,10,2
30615,"[11496, 20171]","[3, 3]",3600,45688,10,2
30615,"[11496, 20171]","[3, 3]",3600,45689,10,2
30615,"[11496, 20171]","[3, 3]",3600,45690,10,2
30615,"[11496, 20171]","[3, 3]",3600,45691,10,2
30615,"[11496, 20171]","[3, 3]",3600,45692,10,2
30618,"[11496, 20171]","[3, 3]",3600,45681,3,2
30618,"[11496, 20171]","[3, 3]",3600,45682,3,2
30618,"[11496, 20171]","[3, 3]",3600,45683,3,2
30618,"[11496, 20171]","[3, 3]",3600,45684,3,2
30618,"[11496, 20171]","[3, 3]",3600,45685,3,2
30618,"[11496, 20171]","[3, 3]",3600,45686,3,2
30618,"[11496, 20171]","[3, 3]",3600,45687,3,2
30618,"[11496, 20171]","[3, 3]",3600,45688,3,2
30618,"[11496, 20171]","[3, 3]",3600,45689,3,2
30618,"[11496, 20171]","[3, 3]",3600,45690,3,2
30618,"[11496, 20171]","[3, 3]",3600,45691,3,2
30618,"[11496, 20171]","[3, 3]",3600,45692,3,2
30628,"[20412, 20425]","[3, 3]",3600,45693,20,2
30628,"[20412, 20425]","[3, 3]",3600,45694,20,2
30628,"[20412, 20425]","[3, 3]",3600,45695,20,2
30628,"[20412, 20425]","[3, 3]",3600,45696,20,2
30628,"[20412, 20425]","[3, 3]",3600,45697,20,2
30628,"[20412, 20425]","[3, 3]",3600,45698,20,2
30628,"[20412, 20425]","[3, 3]",3600,45699,20,2
30628,"[20412, 20425]","[3, 3]",3600,45700,20,2
30628,"[20412, 20425]","[3, 3]",3600,45701,20,2
30628,"[20412, 20425]","[3, 3]",3600,45702,20,2
30628,"[20412, 20425]","[3, 3]",3600,45703,20,2
30628,"[20412, 20425]","[3, 3]",3600,45704,20,2
30632,"[20412, 20425]","[3, 3]",3600,45693,10,2
30632,"[20412, 20425]","[3, 3]",3600,45694,10,2
30632,"[20412, 20425]","[3, 3]",3600,45695,10,2
30632,"[20412, 20425]","[3, 3]",3600,45696,10,2
30632,"[20412, 20425]","[3, 3]",3600,45697,10,2
30632,"[20412, 20425]","[3, 3]",3600,45698,10,2
30632,"[20412, 20425]","[3, 3]",3600,45699,10,2
30632,"[20412, 20425]","[3, 3]",3600,45700,10,2
30632,"[20412, 20425]","[3, 3]",3600,45701,10,2
30632,"[20412, 20425]","[3, 3]",3600,45702,10,2
30632,"[20412, 20425]","[3, 3]",3600,45703,10,2
30632,"[20412, 20425]","[3, 3]",3600,45704,10,2
30633,"[20412, 20425]","[3, 3]",3600,45693,3,2
30633,"[20412, 20425]","[3, 3]",3600,45694,3,2
30633,"[20412, 20425]","[3, 3]",3600,45695,3,2
30633,"[20412, 20425]","[3, 3]",3600,45696,3,2
30633,"[20412, 20425]","[3, 3]",3600,45697,3,2
30633,"[20412, 20425]","[3, 3]",3600,45698,3,2
30633,"[20412, 20425]","[3, 3]",3600,45699,3,2
30633,"[20412, 20425]","[3, 3]",3600,45700,3,2
30633,"[20412, 20425]","[3, 3]",3600,45701,3,2
30633,"[20412, 20425]","[3, 3]",3600,45702,3,2
30633,"[20412, 20425]","[3, 3]",3600,45703,3,2
30633,"[20412, 20425]","[3, 3]",3600,45704,3,2
30752,"[20412, 20424]","[3, 3]",3600,29985,20,2
30752,"[20412, 20424]","[3, 3]",3600,29987,20,2
30752,"[20412, 20424]","[3, 3]",3600,29989,20,2
30752,"[20412, 20424]","[3, 3]",3600,29991,20,2
30753,"[20412, 20424]","[3, 3]",3600,29985,10,2
30753,"[20412, 20424]","[3, 3]",3600,29987,10,2
30753,"[20412, 20424]","[3, 3]",3600,29989,10,2
30753,"[20412, 20424]","[3, 3]",3600,29991,10,2
30754,"[20412, 20424]","[3, 3]",3600,29985,3,2
30754,"[20412, 20424]","[3, 3]",3600,29987,3,2
30754,"[20412, 20424]","[3, 3]",3600,29989,3,2
30754,"[20412, 20424]","[3, 3]",3600,29991,3,2
30988,"[20416, 20171]","[1, 1]",7200,31058,1,2
30994,"[20416, 20171]","[4, 4]",30900,31062,1,2
30998,"[20416, 20171]","[1, 1]",7200,31004,1,2
31000,"[20416, 20171]","[2, 2]",15600,31006,1,2
31002,"[20416, 20171]","[4, 4]",30900,31008,1,2
31010,"[20416, 20171]","[1, 1]",7200,31016,1,2
31012,"[20416, 20171]","[2, 2]",15600,31018,1,2
31014,"[20416, 20171]","[4, 4]",30900,31020,1,2
31022,"[20416, 20171]","[1, 1]",7200,31028,1,2
31024,"[20416, 20171]","[2, 2]",15600,31030,1,2
31026,"[20416, 20171]","[4, 4]",30900,31032,1,2
31034,"[20416, 20171]","[1, 1]",7200,31040,1,2
31036,"[20416, 20171]","[2, 2]",15600,31042,1,2
31038,"[20416, 20171]","[4, 4]",30900,31044,1,2
31046,"[20416, 20171]","[1, 1]",7200,31052,1,2
31048,"[20416, 20171]","[2, 2]",15600,31054,1,2
31056,"[20416, 20171]","[2, 2]",15600,31060,1,2
31064,"[20416, 20171]","[1, 1]",7200,31070,1,2
31066,"[20416, 20171]","[2, 2]",15600,31072,1,2
31068,"[20416, 20171]","[4, 4]",30900,27067,1,2
31074,"[20416, 20171]","[2, 2]",15600,31080,1,2
31076,"[20416, 20171]","[4, 4]",30900,31082,1,2
31084,"[20416, 20171]","[1, 1]",7200,31090,1,2
31086,"[20416, 20171]","[2, 2]",15600,31092,1,2
31088,"[20416, 20171]","[4, 4]",30900,31094,1,2
31106,"[20416, 20415]","[1, 1]",7200,31112,1,2
31108,"[20416, 20415]","[2, 2]",15600,31114,1,2
31110,"[20416, 20415]","[4, 4]",30900,31116,1,2
31118,"[20416, 20415]","[1, 1]",7200,31124,1,2
31120,"[20416, 20415]","[2, 2]",15600,31126,1,2
31122,"[20416, 20415]","[4, 4]",30900,31128,1,2
31130,"[20416, 20415]","[1, 1]",7200,31136,1,2
31132,"[20416, 20415]","[2, 2]",15600,31138,1,2
31134,"[20416, 20415]","[4, 4]",30900,31140,1,2
31142,"[20416, 20415]","[1, 1]",7200,31148,1,2
31144,"[20416, 20415]","[2, 2]",15600,31150,1,2
31146,"[20416, 20415]","[4, 4]",30900,31152,1,2
31154,"[20416, 20415]","[1, 1]",7200,31172,1,2
31156,"[20416, 20415]","[2, 2]",15600,31174,1,2
31158,"[20416, 20415]","[4, 4]",30900,31176,1,2
31160,"[20416, 20415]","[1, 1]",7200,31166,1,2
31162,"[20416, 20415]","[2, 2]",15600,31168,1,2
31164,"[20416, 20415]","[4, 4]",30900,31170,1,2
31178,"[20416, 20415]","[1, 1]",7200,31184,1,2
31180,"[20416, 20415]","[2, 2]",15600,31186,1,2
31182,"[20416, 20415]","[4, 4]",30900,31188,1,2
31190,"[20416, 20415]","[1, 1]",7200,31196,1,2
31192,"[20416, 20415]","[2, 2]",15600,31198,1,2
31194,"[20416, 20415]","[4, 4]",30900,31200,1,2
31202,"[20417, 20418]","[1, 1]",7200,31208,1,2
31204,"[20417, 20418]","[2, 2]",15600,31210,1,2
31206,"[20417, 20418]","[4, 4]",30900,31212,1,2
31214,"[20417, 20418]","[1, 1]",7200,31221,1,2
31216,"[20417, 20418]","[2, 2]",15600,31223,1,2
31218,"[20417, 20418]","[4, 4]",30900,31225,1,2
31227,"[20417, 20418]","[1, 1]",7200,31233,1,2
31229,"[20417, 20418]","[2, 2]",15600,31235,1,2
31231,"[20417, 20418]","[4, 4]",30900,31237,1,2
31239,"[20417, 20418]","[1, 1]",7200,31245,1,2
31241,"[20417, 20418]","[2, 2]",15600,31247,1,2
31243,"[20417, 20418]","[4, 4]",30900,31249,1,2
31251,"[20417, 20418]","[1, 1]",7200,31257,1,2
31253,"[20417, 20418]","[2, 2]",15600,31259,1,2
31255,"[20417, 20418]","[4, 4]",30900,31261,1,2
31263,"[20417, 20418]","[1, 1]",7200,31269,1,2
31265,"[20417, 20418]","[2, 2]",15600,31271,1,2
31267,"[20417, 20418]","[4, 4]",30900,31273,1,2
31275,"[20417, 20418]","[1, 1]",7200,31281,1,2
31277,"[20417, 20418]","[2, 2]",15600,31283,1,2
31279,"[20417, 20418]","[4, 4]",30900,31285,1,2
31287,"[20417, 20418]","[1, 1]",7200,31293,1,2
31289,"[20417, 20418]","[2, 2]",15600,31295,1,2
31291,"[20417, 20418]","[4, 4]",30900,31297,1,2
31299,"[20417, 20418]","[1, 1]",7200,31305,1,2
31301,"[20417, 20418]","[2, 2]",15600,31307,1,2
31303,"[20417, 20418]","[4, 4]",30900,31309,1,2
31311,"[20417, 20418]","[1, 1]",7200,31317,1,2
31313,"[20417, 20418]","[2, 2]",15600,31319,1,2
31315,"[20417, 20418]","[4, 4]",30900,31321,1,2
31323,"[20417, 20418]","[1, 1]",7200,31329,1,2
31325,"[20417, 20418]","[2, 2]",15600,31331,1,2
31327,"[20417, 20418]","[4, 4]",30900,31333,1,2
31335,"[20417, 20418]","[1, 1]",7200,31341,1,2
31337,"[20417, 20418]","[2, 2]",15600,31343,1,2
31339,"[20417, 20418]","[4, 4]",30900,31345,1,2
31347,"[20417, 20418]","[1, 1]",7200,31353,1,2
31349,"[20417, 20418]","[2, 2]",15600,31355,1,2
31351,"[20417, 20418]","[4, 4]",30900,31357,1,2
31359,"[20411, 20414]","[1, 1]",7200,31365,1,2
31361,"[20411, 20414]","[2, 2]",15600,31367,1,2
31363,"[20411, 20414]","[4, 4]",30900,31369,1,2
31371,"[20411, 20414]","[1, 1]",7200,31377,1,2
31373,"[20411, 20414]","[2, 2]",15600,31379,1,2
31375,"[20411, 20414]","[4, 4]",30900,31381,1,2
31383,"[20411, 20414]","[1, 1]",7200,31389,1,2
31385,"[20411, 20414]","[2, 2]",15600,31391,1,2
31387,"[20411, 20414]","[4, 4]",30900,31393,1,2
31395,"[20411, 20414]","[1, 1]",7200,31401,1,2
31397,"[20411, 20414]","[2, 2]",15600,31403,1,2
31399,"[20411, 20414]","[4, 4]",30900,31405,1,2
31407,"[20411, 20414]","[1, 1]",7200,31413,1,2
31409,"[20411, 20414]","[2, 2]",15600,31415,1,2
31411,"[20411, 20414]","[4, 4]",30900,31417,1,2
31419,"[20411, 20413]","[1, 1]",7200,31425,1,2
31421,"[20411, 20413]","[2, 2]",15600,31427,1,2
31423,"[20411, 20413]","[4, 4]",30900,31429,1,2
31431,"[20411, 20413]","[1, 1]",7200,31437,1,2
31433,"[20411, 20413]","[2, 2]",15600,31439,1,2
31435,"[20411, 20413]","[4, 4]",30900,31441,1,2
31443,"[20411, 20413]","[1, 1]",7200,31449,1,2
31445,"[20411, 20413]","[2, 2]",15600,31451,1,2
31447,"[20411, 20413]","[4, 4]",30900,31453,1,2
31455,"[20411, 20413]","[1, 1]",7200,31461,1,2
31457,"[20411, 20413]","[2, 2]",15600,31463,1,2
31459,"[20411, 20413]","[4, 4]",30900,31465,1,2
31467,"[20411, 20413]","[1, 1]",7200,31473,1,2
31469,"[20411, 20413]","[2, 2]",15600,31475,1,2
31471,"[20411, 20413]","[4, 4]",30900,31477,1,2
31479,"[20411, 20413]","[1, 1]",7200,31485,1,2
31481,"[20411, 20413]","[2, 2]",15600,31487,1,2
31483,"[20411, 20413]","[4, 4]",30900,31489,1,2
31491,"[20411, 20413]","[1, 1]",7200,31497,1,2
31493,"[20411, 20413]","[2, 2]",15600,31499,1,2
31495,"[20411, 20413]","[4, 4]",30900,31501,1,2
31503,"[20424, 20417]","[1, 1]",7200,31509,1,2
31505,"[20424, 20417]","[2, 2]",15600,31511,1,2
31507,"[20424, 20417]","[4, 4]",30900,31513,1,2
31515,"[20424, 20417]","[1, 1]",7200,31521,1,2
31517,"[20424, 20417]","[2, 2]",15600,31523,1,2
31519,"[20424, 20417]","[4, 4]",30900,31525,1,2
31527,"[20424, 20417]","[1, 1]",7200,31533,1,2
31529,"[20424, 20417]","[2, 2]",15600,31535,1,2
31531,"[20424, 20417]","[4, 4]",30900,31537,1,2
31539,"[20424, 20417]","[1, 1]",7200,31545,1,2
31541,"[20424, 20417]","[2, 2]",15600,31547,1,2
31543,"[20424, 20417]","[4, 4]",30900,31549,1,2
31551,"[20424, 20417]","[1, 1]",7200,31557,1,2
31553,"[20424, 20417]","[2, 2]",15600,31559,1,2
31555,"[20424, 20417]","[4, 4]",30900,31561,1,2
31563,"[20424, 20417]","[1, 1]",7200,31569,1,2
31565,"[20424, 20417]","[2, 2]",15600,31571,1,2
31567,"[20424, 20417]","[4, 4]",30900,31573,1,2
31575,"[20424, 20417]","[1, 1]",7200,31581,1,2
31577,"[20424, 20417]","[2, 2]",15600,31583,1,2
31579,"[20424, 20417]","[4, 4]",30900,31585,1,2
31587,"[20424, 20420]","[1, 1]",7200,31593,1,2
31589,"[20424, 20420]","[2, 2]",15600,31595,1,2
31591,"[20424, 20420]","[4, 4]",30900,31597,1,2
31599,"[20424, 20420]","[1, 1]",7200,31605,1,2
31601,"[20424, 20420]","[2, 2]",15600,31607,1,2
31603,"[20424, 20420]","[4, 4]",30900,33302,1,2
31609,"[20424, 20420]","[1, 1]",7200,31615,1,2
31611,"[20424, 20420]","[2, 2]",15600,31617,1,2
31613,"[20424, 20420]","[4, 4]",30900,31619,1,2
31621,"[20424, 20420]","[1, 1]",7200,31627,1,2
31623,"[20424, 20420]","[2, 2]",15600,31629,1,2
31625,"[20424, 20420]","[4, 4]",30900,31631,1,2
31633,"[20424, 20420]","[1, 1]",7200,31639,1,2
31635,"[20424, 20420]","[2, 2]",15600,31641,1,2
31637,"[20424, 20420]","[4, 4]",30900,31643,1,2
31645,"[20424, 20420]","[1, 1]",7200,31651,1,2
31647,"[20424, 20420]","[2, 2]",15600,31653,1,2
31649,"[20424, 20420]","[4, 4]",30900,31655,1,2
31657,"[20424, 20423]","[1, 1]",7200,31663,1,2
31659,"[20424, 20423]","[2, 2]",15600,31665,1,2
31661,"[20424, 20423]","[4, 4]",30900,31667,1,2
31669,"[20424, 20423]","[1, 1]",7200,31675,1,2
31671,"[20424, 20423]","[2, 2]",15600,31677,1,2
31673,"[20424, 20423]","[4, 4]",30900,31679,1,2
31681,"[20424, 20423]","[1, 1]",7200,31687,1,2
31683,"[20424, 20423]","[2, 2]",15600,31689,1,2
31685,"[20424, 20423]","[4, 4]",30900,31691,1,2
31693,"[20424, 20423]","[1, 1]",7200,31699,1,2
31695,"[20424, 20423]","[2, 2]",15600,31701,1,2
31697,"[20424, 20423]","[4, 4]",30900,31703,1,2
31705,"[20424, 20423]","[1, 1]",7200,31711,1,2
31707,"[20424, 20423]","[2, 2]",15600,31713,1,2
31709,"[20424, 20423]","[4, 4]",30900,31715,1,2
31717,"[20171, 20414]","[1, 1]",7200,31723,1,2
31719,"[20171, 20414]","[2, 2]",15600,31725,1,2
31721,"[20171, 20414]","[4, 4]",30900,31727,1,2
31729,"[20171, 20414]","[1, 1]",7200,31735,1,2
31731,"[20171, 20414]","[2, 2]",15600,31737,1,2
31733,"[20171, 20414]","[4, 4]",30900,31739,1,2
31741,"[20171, 20414]","[1, 1]",7200,31747,1,2
31743,"[20171, 20414]","[2, 2]",15600,31749,1,2
31745,"[20171, 20414]","[4, 4]",30900,31751,1,2
31753,"[20171, 20414]","[1, 1]",7200,31759,1,2
31755,"[20171, 20414]","[2, 2]",15600,31761,1,2
31757,"[20171, 20414]","[4, 4]",30900,31763,1,2
31765,"[20171, 20414]","[1, 1]",7200,31771,1,2
31767,"[20171, 20414]","[2, 2]",15600,31773,1,2
31769,"[20171, 20414]","[4, 4]",30900,31775,1,2
31777,"[20171, 20414]","[1, 1]",7200,31783,1,2
31779,"[20171, 20414]","[2, 2]",15600,31785,1,2
31781,"[20171, 20414]","[4, 4]",30900,31787,1,2
31789,"[20171, 20414]","[1, 1]",7200,31795,1,2
31791,"[20171, 20414]","[2, 2]",15600,31797,1,2
31793,"[20171, 20414]","[4, 4]",30900,31799,1,2
31801,"[20171, 20414]","[1, 1]",7200,31811,1,2
31803,"[20171, 20414]","[2, 2]",15600,31813,1,2
31805,"[20171, 20414]","[4, 4]",30900,31815,1,2
31817,"[20171, 20414]","[1, 1]",7200,31823,1,2
31819,"[20171, 20414]","[2, 2]",15600,31825,1,2
31821,"[20171, 20414]","[4, 4]",30900,31827,1,2
32026,"[20424, 20418]","[1, 1]",7200,32030,1,2
32028,"[20424, 20418]","[2, 2]",15600,32032,1,2
32034,"[20424, 20418]","[1, 1]",7200,32038,1,2
32036,"[20424, 20418]","[2, 2]",15600,32040,1,2
32042,"[20424, 20418]","[1, 1]",7200,32046,1,2
32044,"[20424, 20418]","[2, 2]",15600,32048,1,2
32050,"[20424, 20418]","[1, 1]",7200,32054,1,2
32052,"[20424, 20418]","[2, 2]",15600,32056,1,2
32058,"[20424, 20418]","[1, 1]",7200,32062,1,2
32060,"[20424, 20418]","[2, 2]",15600,32064,1,2
32070,"[20424, 20418]","[1, 1]",7200,32074,1,2
32072,"[20424, 20418]","[2, 2]",15600,32076,1,2
32082,"[20424, 20418]","[1, 1]",7200,32086,1,2
32084,"[20424, 20418]","[2, 2]",15600,32088,1,2
32090,"[20424, 20418]","[1, 1]",7200,32094,1,2
32092,"[20424, 20418]","[2, 2]",15600,32096,1,2
32326,"[20418, 20419]","[3, 3]",36000,41351,10,2
32341,"[20418, 20419]","[3, 3]",36000,41352,10,2
32343,"[20418, 20419]","[3, 3]",36000,41354,10,2
32345,"[20418, 20419]","[3, 3]",36000,41353,10,2
32437,"[20418, 20420]","[1, 1]",72000,41292,10,2
32437,"[20418, 20420]","[1, 1]",72000,41293,10,2
32439,"[20418, 20420]","[1, 1]",72000,41296,10,2
32439,"[20418, 20420]","[1, 1]",72000,41297,10,2
32441,"[20418, 20420]","[1, 1]",72000,41288,10,2
32441,"[20418, 20420]","[1, 1]",72000,41289,10,2
32443,"[20418, 20420]","[1, 1]",72000,41300,10,2
32443,"[20418, 20420]","[1, 1]",72000,41301,10,2
32445,"[20420, 20423]","[8, 8]",72000,41187,5,2
32873,"[20410, 20411]","[4, 4]",96000,37619,1,2
32875,"[20411, 20421]","[4, 4]",96000,37618,1,2
32877,"[20411, 25887]","[4, 4]",96000,37617,1,2
32879,"[20172, 20411]","[4, 4]",96000,37620,1,2
32881,"[20410, 20413]","[2, 2]",63900,33698,1,2
32881,"[20410, 20413]","[2, 2]",63900,39583,1,2
32982,"[20418, 20419]","[1, 1]",7800,55762,10,2
33177,"[20417, 20418]","[2, 2]",30900,33198,10,2
33179,"[20417, 20418]","[2, 2]",30900,33200,10,2
33181,"[20417, 20418]","[2, 2]",30900,33202,10,2
33271,"[20424, 20420]","[1, 1]",51000,33273,10,2
33278,"[20424, 20418]","[4, 4]",30900,33280,1,2
33282,"[20424, 20418]","[4, 4]",30900,33284,1,2
33286,"[20424, 20418]","[4, 4]",30900,33288,1,2
33290,"[20424, 20418]","[4, 4]",30900,33292,1,2
33294,"[20424, 20418]","[4, 4]",30900,33296,1,2
33299,"[20424, 20418]","[4, 4]",30900,33300,1,2
33304,"[20417, 20418]","[4, 4]",30900,33306,1,2
33308,"[20424, 20418]","[4, 4]",30900,33310,1,2
33312,"[20424, 20418]","[4, 4]",30900,33314,1,2
33449,"[20423, 20420]","[6, 6]",104400,33451,20,2
33672,"[20419, 20418]","[3, 3]",23700,33709,10,2
33705,"[20419, 20418]","[2, 2]",15900,33711,10,2
33707,"[20419, 20418]","[1, 1]",7800,33713,10,2
33823,"[20419, 20418]","[2, 2]",13800,33825,10,2
33891,"[20416, 20171]","[1, 1]",7200,33893,1,2
33895,"[20416, 20171]","[2, 2]",15600,33897,1,2
33899,"[20416, 20171]","[3, 3]",23400,33901,1,2
33903,"[20416, 20171]","[4, 4]",30900,33905,1,2
34412,"[20412, 20424]","[3, 3]",3600,34318,20,2
34412,"[20412, 20424]","[3, 3]",3600,34563,20,2
34412,"[20412, 20424]","[3, 3]",3600,34829,20,2
34412,"[20412, 20424]","[3, 3]",3600,35684,20,2
34414,"[20412, 20424]","[3, 3]",3600,34318,10,2
34414,"[20412, 20424]","[3, 3]",3600,34563,10,2
34414,"[20412, 20424]","[3, 3]",3600,34829,10,2
34414,"[20412, 20424]","[3, 3]",3600,35684,10,2
34416,"[20412, 20424]","[3, 3]",3600,34318,3,2
34416,"[20412, 20424]","[3, 3]",3600,34563,3,2
34416,"[20412, 20424]","[3, 3]",3600,34829,3,2
34416,"[20412, 20424]","[3, 3]",3600,35684,3,2
34594,"[20418, 20419]","[3, 3]",68000,34596,10,2
35772,"[20418, 20424]","[2, 2]",13800,35773,10,2
35791,"[20418, 20424]","[2, 2]",30900,35792,10,2
37008,"[20420, 20423]","[10, 10]",72000,47326,5,2
37020,"[20418, 20424]","[10, 10]",72000,47343,5,2
37028,"[20417, 20418]","[10, 10]",72000,47345,5,2
37029,"[20411, 20423]","[10, 10]",72000,47328,5,2
37041,"[20417, 20418]","[10, 10]",72000,47339,5,2
37043,"[20411, 20414]","[10, 10]",72000,47331,5,2
37044,"[20411, 20414]","[10, 10]",72000,47333,5,2
37045,"[20418, 20424]","[10, 10]",72000,47341,5,2
37047,"[20420, 20423]","[10, 10]",72000,47324,5,2
37048,"[20420, 20423]","[10, 10]",72000,47322,5,2
37060,"[20411, 20414]","[10, 10]",72000,47346,5,2
37066,"[20417, 20418]","[10, 10]",72000,47369,5,2
37080,"[20417, 20419]","[10, 10]",72000,47350,5,2
37081,"[20417, 20419]","[10, 10]",72000,47367,5,2
37083,"[20417, 20418]","[10, 10]",72000,47365,5,2
37087,"[20417, 20419]","[10, 10]",72000,47335,5,2
37309,"[20418, 20419]","[3, 3]",23400,37329,1,2
37310,"[20418, 20419]","[4, 4]",30900,37342,1,2
37330,"[20418, 20419]","[3, 3]",23400,37331,1,2
37332,"[20418, 20419]","[3, 3]",23400,37333,1,2
37334,"[20418, 20419]","[3, 3]",23400,37335,1,2
37338,"[20418, 20419]","[3, 3]",23400,37339,1,2
37343,"[20418, 20419]","[4, 4]",30900,37344,1,2
37346,"[20415, 20416]","[4, 4]",30900,37345,1,2
37376,"[20418, 20419]","[4, 4]",30900,37377,1,2
37378,"[20420, 20423]","[2, 2]",15600,37379,1,2
37380,"[20420, 20423]","[2, 2]",15600,37381,1,2
37382,"[20411, 20414]","[2, 2]",15600,37383,1,2
37384,"[20411, 20414]","[2, 2]",15600,37385,1,2
37390,"[20411, 20414]","[2, 2]",15600,37391,1,2
37392,"[20411, 20414]","[2, 2]",15600,37393,1,2
37394,"[20417, 20418]","[2, 2]",15600,37395,1,2
37396,"[20417, 20418]","[2, 2]",15600,37397,1,2
37410,"[20420, 20423]","[3, 3]",23400,37411,1,2
37413,"[20411, 20414]","[3, 3]",23400,37414,1,2
37417,"[20411, 20414]","[3, 3]",23400,37418,1,2
37419,"[20420, 20423]","[3, 3]",23400,37420,1,2
37421,"[20418, 20419]","[3, 3]",23400,37422,1,2
37423,"[20417, 20418]","[3, 3]",23400,37424,1,2
37431,"[20420, 20423]","[4, 4]",30900,37432,1,2
37435,"[20411, 20414]","[4, 4]",30900,37436,1,2
37437,"[20171, 20414]","[4, 4]",30900,37438,1,2
37541,"[20417, 20418]","[10, 10]",72000,47349,5,2
38660,"[20413, 20424]","[2, 2]",13800,38661,10,2
40338,"[20417, 20418]","[2, 2]",30900,40339,10,2
40672,"[20411, 20414]","[8, 8]",72000,40675,5,2
40684,"[20411, 20414]","[8, 8]",72000,40687,5,2
40719,"[20415, 20416]","[8, 8]",72000,40722,5,2
40740,"[20417, 20419]","[8, 8]",72000,40744,5,2
40751,"[20417, 20419]","[8, 8]",72000,40759,5,2
41068,"[20411, 20413]","[8, 8]",72000,41073,5,2
41085,"[20412, 20414]","[8, 8]",72000,41090,5,2
41092,"[20423, 20424]","[8, 8]",72000,41097,5,2
41221,"[20417, 20419]","[3, 3]",51000,41222,10,2
41225,"[20420, 20423]","[8, 8]",72000,41228,5,2
41242,"[20415, 20420]","[8, 8]",72000,41245,5,2
41256,"[20415, 20420]","[8, 8]",72000,41261,5,2
41355,"[20418, 20419]","[3, 3]",36000,41356,10,2
41361,"[20418, 20419]","[3, 3]",36000,41362,10,2
41363,"[20418, 20419]","[3, 3]",36000,41364,10,2
41365,"[20418, 20419]","[3, 3]",36000,41366,10,2
41367,"[20418, 20419]","[3, 3]",36000,41368,10,2
41369,"[20418, 20419]","[3, 3]",36000,41370,10,2
41371,"[20418, 20419]","[3, 3]",36000,41372,10,2
41373,"[20418, 20419]","[3, 3]",36000,41374,10,2
41376,"[20418, 20419]","[3, 3]",36000,41377,10,2
41379,"[20418, 20419]","[3, 3]",36000,41380,10,2
41382,"[20418, 20419]","[3, 3]",36000,41383,10,2
41385,"[20418, 20419]","[3, 3]",36000,41386,10,2
41599,"[20171, 20414]","[8, 8]",72000,41602,5,2
41607,"[20171, 20416]","[8, 8]",72000,41610,5,2
41627,"[20415, 20416]","[8, 8]",72000,41630,5,2
41628,"[20415, 20416]","[8, 8]",72000,41630,5,2
41629,"[20415, 20416]","[8, 8]",72000,41630,5,2
41639,"[20411, 20414]","[8, 8]",72000,41641,5,2
41644,"[20411, 20414]","[8, 8]",72000,41646,5,2
41657,"[20171, 20416]","[8, 8]",72000,41658,5,2
41662,"[20171, 20414]","[8, 8]",72000,41663,5,2
43544,"[20415, 20423]","[2, 2]",68100,43609,10,2
43545,"[20415, 20423]","[2, 2]",68100,43610,10,2
43546,"[20415, 20423]","[2, 2]",68100,43611,10,2
43547,"[20415, 20423]","[2, 2]",68100,43607,10,2
43548,"[20415, 20423]","[2, 2]",68100,43608,10,2
43911,"[20418, 20419]","[1, 1]",31200,43912,10,2
44002,"[20418, 20419]","[2, 2]",15600,44003,1,2
44004,"[20418, 20419]","[2, 2]",15600,44005,1,2
44006,"[20418, 20419]","[2, 2]",15600,44007,1,2
44008,"[20418, 20419]","[2, 2]",15600,44009,1,2
44010,"[20418, 20419]","[2, 2]",15600,44011,1,2
44012,"[20418, 20419]","[2, 2]",15600,44013,1,2
44014,"[20418, 20419]","[2, 2]",15600,44015,1,2
44016,"[20418, 20419]","[2, 2]",15600,44017,1,2
44018,"[20418, 20419]","[2, 2]",15600,44019,1,2
44020,"[20418, 20419]","[2, 2]",15600,44021,1,2
44022,"[20418, 20419]","[2, 2]",15600,44023,1,2
44024,"[20418, 20419]","[2, 2]",15600,44025,1,2
44026,"[20418, 20419]","[2, 2]",15600,44027,1,2
44028,"[20418, 20419]","[2, 2]",15600,44029,1,2
44030,"[20418, 20419]","[2, 2]",15600,44031,1,2
44032,"[20418, 20419]","[2, 2]",15600,44033,1,2
44034,"[20418, 20419]","[2, 2]",15600,44035,1,2
44036,"[20418, 20419]","[2, 2]",15600,44037,1,2
44038,"[20418, 20419]","[2, 2]",15600,44039,1,2
44040,"[20418, 20419]","[2, 2]",15600,44041,1,2
44042,"[20418, 20419]","[2, 2]",15600,44043,1,2
44044,"[20418, 20419]","[2, 2]",15600,44045,1,2
44046,"[20418, 20419]","[2, 2]",15600,44047,1,2
44048,"[20418, 20419]","[2, 2]",15600,44049,1,2
44050,"[20415, 20416]","[2, 2]",15600,44051,1,2
44052,"[20415, 20416]","[2, 2]",15600,44053,1,2
44054,"[20415, 20416]","[2, 2]",15600,44055,1,2
44056,"[20415, 20416]","[2, 2]",15600,44057,1,2
44058,"[20415, 20416]","[2, 2]",15600,44059,1,2
44060,"[20415, 20416]","[2, 2]",15600,44061,1,2
44062,"[20415, 20416]","[2, 2]",15600,44063,1,2
44064,"[20415, 20416]","[2, 2]",15600,44065,1,2
44074,"[20418, 20419]","[3, 3]",23400,44075,1,2
44076,"[20418, 20419]","[3, 3]",23400,44077,1,2
44078,"[20418, 20419]","[3, 3]",23400,44079,1,2
44080,"[20418, 20419]","[3, 3]",23400,44081,1,2
44082,"[20418, 20419]","[3, 3]",23400,44083,1,2
44084,"[20415, 20416]","[3, 3]",23400,44085,1,2
44086,"[20418, 20419]","[3, 3]",23400,44087,1,2
44088,"[20418, 20419]","[3, 3]",23400,44089,1,2
44090,"[20415, 20416]","[3, 3]",23400,44091,1,2
44092,"[20415, 20416]","[3, 3]",23400,44093,1,2
44094,"[20418, 20419]","[3, 3]",23400,44095,1,2
44096,"[20415, 20416]","[3, 3]",23400,44097,1,2
46350,"[20411, 20413]","[2, 2]",3300,46351,10,2
46352,"[20411, 20413]","[2, 2]",3300,46353,10,2
46357,"[20411, 20413]","[3, 3]",3300,46358,10,2
46359,"[20411, 20413]","[4, 4]",3300,46360,10,2
46361,"[20411, 20413]","[4, 4]",3300,46362,10,2
46501,"[20412, 20414]","[2, 2]",23400,46500,1,2
46503,"[20412, 20414]","[2, 2]",15600,46502,1,2
46505,"[20412, 20414]","[2, 2]",15600,46504,1,2
46506,"[20412, 20414]","[2, 2]",15600,46507,1,2
46508,"[20412, 20414]","[2, 2]",15600,46509,1,2
46510,"[20415, 20416]","[2, 2]",15600,46511,1,2
46512,"[20415, 20416]","[2, 2]",15600,46513,1,2
46514,"[20418, 20419]","[2, 2]",15600,46515,1,2
46516,"[20418, 20419]","[2, 2]",15600,46517,1,2
46518,"[20413, 20423]","[3, 3]",23400,46519,1,2
46643,"[20413, 20423]","[2, 2]",15600,46644,1,2
46645,"[20413, 20423]","[2, 2]",15600,46646,1,2
46647,"[20413, 20423]","[2, 2]",15600,46648,1,2
46649,"[20413, 20423]","[3, 3]",23400,46650,1,2
46651,"[20413, 20423]","[3, 3]",23400,46652,1,2
47208,"[20418, 20419]","[3, 3]",36000,47212,10,2
47209,"[20418, 20419]","[3, 3]",36000,47215,10,2
47210,"[20418, 20419]","[3, 3]",36000,47218,10,2
47211,"[20418, 20419]","[3, 3]",36000,47221,10,2
47213,"[20418, 20419]","[3, 3]",36000,47214,10,2
47216,"[20418, 20419]","[3, 3]",36000,47217,10,2
47219,"[20418, 20419]","[3, 3]",36000,47220,10,2
47222,"[20418, 20419]","[3, 3]",36000,47223,10,2
47224,"[20418, 20419]","[3, 3]",36000,47225,10,2
47226,"[20418, 20419]","[3, 3]",36000,47227,10,2
47228,"[20418, 20419]","[3, 3]",36000,47229,10,2
47230,"[20418, 20419]","[3, 3]",36000,47231,10,2
47233,"[20418, 20419]","[3, 3]",36000,47237,10,2
47234,"[20418, 20419]","[3, 3]",36000,47238,10,2
47235,"[20418, 20419]","[3, 3]",36000,47240,10,2
47236,"[20418, 20419]","[3, 3]",36000,47239,10,2
47241,"[20418, 20419]","[3, 3]",36000,47242,10,2
47243,"[20418, 20419]","[3, 3]",36000,47244,10,2
47245,"[20418, 20419]","[3, 3]",36000,47246,10,2
47247,"[20418, 20419]","[3, 3]",36000,47248,10,2
47259,"[20415, 20416]","[2, 2]",13800,47260,10,2
47354,"[20411, 20414]","[10, 10]",72000,47355,5,2
47357,"[20411, 20414]","[10, 10]",72000,47359,5,2
47361,"[20171, 20416]","[10, 10]",72000,47363,5,2
47966,"[20410, 52309]","[2, 2]",63900,52251,1,2
47967,"[25887, 52309]","[8, 8]",128100,52253,1,2
47969,"[20411, 20413]","[1, 1]",13800,47970,10,2
47971,"[20411, 20413]","[2, 2]",30900,47972,10,2
47973,"[20411, 20413]","[3, 3]",51000,47974,10,2
48095,"[20418, 20424]","[2, 2]",13800,48096,10,2
48097,"[20411, 20413]","[1, 1]",22800,48100,5,2
48099,"[20411, 20413]","[1, 1]",22800,48101,5,2
48102,"[20411, 20413]","[1, 1]",45600,48105,5,2
48104,"[20411, 20413]","[1, 1]",45600,48106,5,2
48107,"[20411, 20413]","[1, 1]",68100,48110,5,2
48109,"[20411, 20413]","[1, 1]",68100,48111,5,2
49714,"[20172, 52309]","[4, 4]",96000,52255,1,2
49716,"[20421, 52309]","[8, 8]",128100,49717,1,2
49775,"[20171, 20416]","[2, 2]",30900,49778,10,2
54845,"[20412, 20414]","[1, 1]",13800,54850,10,2
54852,"[20412, 20414]","[2, 2]",30900,54855,10,2
54857,"[20412, 20414]","[3, 3]",51000,54860,10,2
54861,"[20412, 20414]","[1, 1]",22800,54884,10,2
54862,"[20412, 20414]","[1, 1]",22800,54885,10,2
54863,"[20412, 20414]","[1, 1]",22800,54884,10,2
54864,"[20412, 20414]","[1, 1]",22800,54885,10,2
54865,"[20412, 20414]","[1, 1]",45600,54886,10,2
54866,"[20412, 20414]","[1, 1]",45600,54887,10,2
54867,"[20412, 20414]","[1, 1]",45600,54886,10,2
54868,"[20412, 20414]","[1, 1]",45600,54887,10,2
54869,"[20412, 20414]","[1, 1]",68100,54888,10,2
54870,"[20412, 20414]","[1, 1]",68100,54889,10,2
54871,"[20412, 20414]","[1, 1]",68100,54888,10,2
54872,"[20412, 20414]","[1, 1]",68100,54889,10,2
54873,"[20418, 20424]","[2, 2]",13800,54876,10,2
58955,"[20414, 20418]","[2, 2]",13800,58975,10,2
59171,"[20414, 20419]","[4, 4]",766350,59172,10,2
60338,"[20413, 20424]","[2, 2]",36000,60339,10,2
60341,"[20411, 20413]","[2, 2]",3300,60342,10,2
60343,"[20411, 20413]","[2, 2]",3300,60344,10,2
60345,"[20411, 20413]","[3, 3]",3300,60346,10,2
60347,"[20411, 20413]","[4, 4]",3300,60348,10,2
60349,"[20411, 20413]","[4, 4]",3300,60350,10,2
60363,"[20411, 20413]","[4, 4]",3300,60351,10,2
60364,"[20411, 20413]","[8, 8]",3300,60352,10,2
60365,"[20411, 20413]","[4, 4]",3300,60353,10,2
60366,"[20411, 20413]","[8, 8]",3300,60354,10,2
60367,"[20411, 20413]","[6, 6]",3300,60355,10,2
60368,"[20411, 20413]","[12, 12]",3300,60356,10,2
60369,"[20411, 20413]","[8, 8]",3300,60357,10,2
60370,"[20411, 20413]","[16, 16]",3300,60358,10,2
60371,"[20411, 20413]","[8, 8]",3300,60359,10,2
60372,"[20411, 20413]","[16, 16]",3300,60360,10,2
60373,"[20411, 20413]","[10, 10]",3300,60361,10,2
60374,"[20411, 20413]","[20, 20]",3300,60362,10,2
61217,"[20411, 20413]","[4, 4]",3300,61219,10,2
61218,"[20411, 20413]","[8, 8]",3300,61220,10,2
61221,"[20411, 20413]","[4, 4]",3300,61223,10,2
61222,"[20411, 20413]","[8, 8]",3300,61224,10,2
61225,"[20411, 20413]","[6, 6]",3300,61227,10,2
61226,"[20411, 20413]","[12, 12]",3300,61228,10,2
61229,"[20411, 20413]","[8, 8]",3300,61231,10,2
61230,"[20411, 20413]","[16, 16]",3300,61232,10,2
61233,"[20411, 20413]","[8, 8]",3300,61235,10,2
61234,"[20411, 20413]","[16, 16]",3300,61236,10,2
